id,title,storytelling,distance,user,flags,visibility_flags,currency,supports_shipping,brand,model,year,version,km,engine,gearbox,horsepower,creation_date,modification_date,envio,url_completa,ciudad
nz04oq5l8vjo,Nissan Juke 2014 NISMO,"se vende nissan Juke NISMO, perfecto estado, usandose actualmente, acabado deportivo, revisones al dia con facturas, ITV al dia, ruedas recien cambiadas, duerme en garaje.

-Pantalla t√°ctil.
-Navegador.
-C√°mara marcha atr√°s.
-Modos de conducci√≥n. (Eco, Normal, Sport)
-Arranque sin llave.
-Apertura y cierre sin llave.
-Asientos calefactables.
-Asientos semibaquets alc√°ntara.",1,"{'id': 'qzm4v9dpygzv', 'micro_name': '', 'image': {'original': '', 'xsmall': '', 'small': '', 'large': '', 'medium': '', 'xlarge': '', 'original_width': 0, 'original_height': 0}, 'online': False, 'kind': 'normal'}","{'pending': False, 'sold': False, 'reserved': False, 'banned': False, 'expired': False, 'onhold': False}","{'bumped': True, 'highlighted': False, 'urgent': False, 'country_bumped': True, 'boosted': False}",EUR,False,Nissan,Juke,2014,1.6 DIG-T 200 Nismo 4x2 5p,200000.0,Gasoline,manual,200.0,2025-01-15T11:26:16.392+00:00,2025-01-20T08:54:37.906+00:00,False,https://es.wallapop.com/item/nissan-juke-2014-nismo-1089850899,Madrid
0j242ndokrzy,se vende Audi A4 2007 ,se vende o cambio. audi a4 con 180 mil km. pegatina C. todo sus servicios al dia. coche comodo grande familiar .,13,"{'id': '4z4vqdwdwmzy', 'micro_name': '', 'image': {'original': '', 'xsmall': '', 'small': '', 'large': '', 'medium': '', 'xlarge': '', 'original_width': 0, 'original_height': 0}, 'online': False, 'kind': 'normal'}","{'pending': False, 'sold': False, 'reserved': False, 'banned': False, 'expired': False, 'onhold': False}","{'bumped': True, 'highlighted': False, 'urgent': False, 'country_bumped': False, 'boosted': False}",EUR,False,Audi,A4,2007,2.0 130 4p,180.0,Gasoline,manual,130.0,2025-01-04T17:37:14.356+00:00,2025-01-18T13:40:29.378+00:00,False,https://es.wallapop.com/item/audi-a4-2007-1085454435,Legan√©s
3zl82e50nq6x,Citroen C4 2022,"Con 12 meses de garant√≠a incluido en el precio

Citroen C4 1.5 bluehdi de 130 CV autom√°tico de 8 velocidades. 

Extras: volante multifuncion control de velocidad levas display star stop bluetooth distancia de frenado pantalla t√°ctil navegaci√≥n climatizador bizona  c√°mara trasera y muchos extras m√°s.

Mecanimente totalmente revisado mantenimiento al d√≠a neum√°ticos a un 85 por ciento de uso dos juegos de llaves distingo media ambiental C mejor ver y probar para m√°s informaci√≥n llamen  673167784",7,"{'id': 'xzo8755n1769', 'micro_name': '', 'image': {'original': '', 'xsmall': '', 'small': '', 'large': '', 'medium': '', 'xlarge': '', 'original_width': 0, 'original_height': 0}, 'online': False, 'kind': 'normal'}","{'pending': False, 'sold': False, 'reserved': False, 'banned': False, 'expired': False, 'onhold': False}","{'bumped': True, 'highlighted': False, 'urgent': False, 'country_bumped': True, 'boosted': False}",EUR,False,Citroen,C4,2022,1.5 BlueHDi 130 Feel Pack 5p S/S EAT8,168000.0,Gasoil,automatic,131.0,2025-01-18T11:48:13.950+00:00,2025-01-20T11:50:17.351+00:00,False,https://es.wallapop.com/item/citroen-c4-2022-1091035821,Madrid
vjrq21lwllzk,Renault Megane 2006,"‚úÖ ITV en vigor hasta septiembre de 2025
Distintivo medioambiental Cüü¢ verde 
El coche tiene hecho: ‚úÖ kit de distribuci√≥n en diciembre de 2024, no lleva ni un mes, ‚úÖneum√°ticos en diciembre de 2024, ‚úÖaceite y filtros, ‚úÖlimpieza de circuito de anticongelante y ‚úÖtacos del motor en septiembre de 2024, todo con facturas.
El motor est√° impecable, al igual que el climatizador, embrague y cambios.
Interior en piel y tela beige, muy elegante.
‚úÖChapa y pintura en muy buen estado
Se vende por cambio de veh√≠culo
No ofertas absurdas ni cambios, solo gente seria y realmente interesada.
Se puede ver en Zarzaquemada Legan√©s junto a la Renfe.",11,"{'id': 'pj9yv11vqo6e', 'micro_name': '', 'image': {'original': '', 'xsmall': '', 'small': '', 'large': '', 'medium': '', 'xlarge': '', 'original_width': 0, 'original_height': 0}, 'online': False, 'kind': 'normal'}","{'pending': False, 'sold': False, 'reserved': False, 'banned': False, 'expired': False, 'onhold': False}","{'bumped': True, 'highlighted': False, 'urgent': False, 'country_bumped': True, 'boosted': False}",EUR,False,Renault,Megane,2006,1.6 16v 110 Confort Dynamique 5p,170000.0,Gasoline,manual,110.0,2025-01-07T08:32:08.171+00:00,2025-01-14T12:20:36.057+00:00,False,https://es.wallapop.com/item/renault-megane-2006-1086232319,Legan√©s
pzp2e87p5mj3,BMW Serie 4 2018,Comprado directamente a BMW nacional,13,"{'id': 'p8j3pmp3n169', 'micro_name': '', 'image': {'original': '', 'xsmall': '', 'small': '', 'large': '', 'medium': '', 'xlarge': '', 'original_width': 0, 'original_height': 0}, 'online': False, 'kind': 'normal'}","{'pending': False, 'sold': False, 'reserved': False, 'banned': False, 'expired': False, 'onhold': False}","{'bumped': True, 'highlighted': False, 'urgent': False, 'country_bumped': True, 'boosted': False}",EUR,False,BMW,Serie 4,2018,F33 Cabrio 420i 184 2p,76000.0,Gasoline,automatic,184.0,2025-01-18T12:07:25.490+00:00,2025-01-18T12:08:06.174+00:00,False,https://es.wallapop.com/item/bmw-serie-4-2018-1091043326,Coslada
e658kxv08m6o,Toyota Yaris gasolina etiqueta ,"TOYOTA YARIS GASOLINA, UNICO PROPIETARIO, LIBRO DE REVISIONES EN TOYOTA, RUEDAS MIXTAS. M√çNIMO CONSUMO. MOTOR DE CADENA, DE LO M√ÅS FIABLE DE TOYOTA. VEN A VERLO!

LLAMANOS AL 645545634!

Ll√°manos para adquirir este veh√≠culo. 

Financiamos tu coche al 100% sin entrada. 

Veh√≠culo disponible en nuestra tienda de Madrid, en Avenida real de pinto 122 Villaverde Alto. 

Tenemos gestor√≠a particular, si te gusta el coche, te lo puedes llevar al momento. 

Certificamos los kil√≥metros por escrito. Certificamos que el coche no ha sufrido golpes estructurales. 

Se acepta coche como parte de pago.

Horario: de lunes a viernes de 10:00 a 14:00 y de 16:30 a 20:00hs. S√°bados de 10:00 a 14:00 hs. 

***Juan Cars***




",10,"{'id': 'wzvygxg4edzl', 'micro_name': '', 'image': {'original': '', 'xsmall': '', 'small': '', 'large': '', 'medium': '', 'xlarge': '', 'original_width': 0, 'original_height': 0}, 'online': False, 'kind': 'normal'}","{'pending': False, 'sold': False, 'reserved': False, 'banned': False, 'expired': False, 'onhold': False}","{'bumped': True, 'highlighted': False, 'urgent': False, 'country_bumped': False, 'boosted': False}",EUR,False,Toyota,Yaris,2004,1.3 VVT-i 87 Sol 3p,,,manual,87.0,2025-01-16T12:02:42.554+00:00,2025-01-20T12:10:09.051+00:00,False,https://es.wallapop.com/item/toyota-yaris-gasolina-etiqueta-1090241400,Madrid
8z8knp8rylz3,KIA Rio - REVISADO - GARANTIA - FINANCIAMOS,"REVISADO, GARANTIA, FINANCIAMOS. . CON 2 REVISIONES DE REGALO. ¬°Tu veh√≠culo al mejor precio totalmente garantizado! Procedente de renting con mantenimientos y revisiones homologados. Garant√≠a de 12 meses sin l√≠mite de km. Certificado de kilometraje e historial de mantenimiento. Te lo llevamos donde t√∫ quieras (consultar precio). Con la compra del veh√≠culo disfruta de los dos pr√≥ximos mantenimientos GRATIS en Northgate. Para m√°s informaci√≥n contactar con nosotros en el TEL: 639639373 JUAN ANTONIO (TAMBIEN WHATSAPP)",12,"{'id': 'p8j3opkqqyj9', 'micro_name': '', 'image': {'original': '', 'xsmall': '', 'small': '', 'large': '', 'medium': '', 'xlarge': '', 'original_width': 0, 'original_height': 0}, 'online': False, 'kind': 'normal'}","{'pending': False, 'sold': False, 'reserved': False, 'banned': False, 'expired': False, 'onhold': False}","{'bumped': True, 'highlighted': False, 'urgent': False, 'country_bumped': False, 'boosted': False}",EUR,False,KIA,Rio,2021,1.2 DPi 84 Concept 5p ISG,50884.0,Gasoline,manual,84.0,2025-01-09T12:03:46.844+00:00,2025-01-20T12:10:11.245+00:00,False,https://es.wallapop.com/item/kia-rio-revisado-garantia-financiamos-1087319222,Getafe
nz04oe5n3rjo,ALFA ROMEO  147 JTDM 2009,"ITV Recien pasada. Revisi√≥n anual completa. Amortiguadores traseros, ruedas delanteras nuevas, pastillas de freno traseras nuevas. Un √∫nico propietario desde su matriculaci√≥n.",1,"{'id': 'evjre7wn88zk', 'micro_name': '', 'image': {'original': '', 'xsmall': '', 'small': '', 'large': '', 'medium': '', 'xlarge': '', 'original_width': 0, 'original_height': 0}, 'online': False, 'kind': 'normal'}","{'pending': False, 'sold': False, 'reserved': False, 'banned': False, 'expired': False, 'onhold': False}","{'bumped': True, 'highlighted': False, 'urgent': False, 'country_bumped': False, 'boosted': False}",EUR,False,ALFA ROMEO ,147 JTDM,2009,Progression,239000.0,Gasoil,manual,120.0,2025-01-14T12:11:27.178+00:00,2025-01-14T12:11:51.588+00:00,False,https://es.wallapop.com/item/alfa-romeo-147-jtdm-2009-1089523951,Madrid
nz04pmkpqrjo,FIAT 500X 2019,"El coche se entrega revisado y con 12 meses de garant√≠a. Lleva llantas de aluminio, elevalunas el√©ctrico, pintura metalizada, pantalla t√°ctil con androidauto y CarPlay, sistema de aire acondicionado, volante multifuncion...
Unico propietario.
Posibilidad de financiar hasta la totalidad del veh√≠culo.
Muy bien cuidado.
Posibilidad de recoger coche como parte de pago.",14,"{'id': 'npj9mr23dk6e', 'micro_name': '', 'image': {'original': '', 'xsmall': '', 'small': '', 'large': '', 'medium': '', 'xlarge': '', 'original_width': 0, 'original_height': 0}, 'online': False, 'kind': 'normal'}","{'pending': False, 'sold': False, 'reserved': False, 'banned': False, 'expired': False, 'onhold': False}","{'bumped': True, 'highlighted': False, 'urgent': False, 'country_bumped': False, 'boosted': False}",EUR,False,FIAT,500X,2019,1.6 Multijet 120 Urban 5p S/S,170000.0,Gasoil,manual,120.0,2025-01-20T12:13:33.356+00:00,2025-01-20T12:13:55.454+00:00,False,https://es.wallapop.com/item/fiat-500x-2019-1091802151,Alcorc√≥n
4z4e9ng7pmjy,Jeep Renegade 2020 Limited 4x2 5p,"Como nuevo. 
Color gris sting. 
Acabado Limited.
ASIENTOS
Apoyabrazos central delantero
Asientos traseros de tres plazas de tipo banco de orientaci√≥n delantera con banqueta fija y respaldo abatible asim√©trico
AUDIO
Control remoto de audio en el volante
Seis altavoces
CLIMATIZACI√ìN
Controles de climatizaci√≥n diferenciados digitales para conductor/acompa√±ante
ESPACIO DE CARGA
Bandeja trasera r√≠gida
Sujeci√≥n de carga
INSTRUMENTACI√ìN
Indicador de baja presion de los neum√°ticos con visualizaci√≥n de presi√≥n y sensor Montado en la llanta
Tablero de instrumentos digital con cuenta kil√≥metros anal√≥gico con TFT. 
Testigo de cinturones ( cinco )
Portaobjetos
Luz de retrovisor fotosensible (ajuste autom√°tico). 
Limpiaparabrisas de encendido y control autom√°tico (delanteros y trasero). 
FRENOS
ABS
Control de arranque en pendiente
Freno mano electr√≥nico
Sistema de servofreno de emergencia
LUCES
Encendido diurno autom√°tico
Luces antiniebla delanteras
Luces laterales maniobras. 
RUEDAS
Equipo reparaci√≥n neum√°ticos
SEGURIDAD
Airbag lateral de cortina delantero y trasero
Airbags laterales delanteros
Cintur√≥n de seguridad delantero en asiento conductor, acompa√±ante y ajustable en altura con pretensores. 
Control de estabilidad del remolque
Dos reposacabezas activos en asientos delanteros ajustables en altura, tres reposacabezas en asientos traseros ajustables en altura
Preparaci√≥n Isofix
SUSPENSI√ìN
Suspensi√≥n delantera, trasera tipo McPherson o similar con barra estabilizadora mediante muelle helicoidal con ruedas independientes
MULTIMEDIA 
U Connect 
AppleCarPlay
App jeep con apertura de coche en remoto. 
Diagn√≥stico en la app del estado del coche actualizado en tiempo real.
Puertos USB para asientos traseros y delanteros. 
Control de crucero adaptativo. 
Volante con mandos.",9,"{'id': 'lqzmo4gpeo6v', 'micro_name': '', 'image': {'original': '', 'xsmall': '', 'small': '', 'large': '', 'medium': '', 'xlarge': '', 'original_width': 0, 'original_height': 0}, 'online': False, 'kind': 'normal'}","{'pending': False, 'sold': False, 'reserved': False, 'banned': False, 'expired': False, 'onhold': False}","{'bumped': True, 'highlighted': False, 'urgent': False, 'country_bumped': False, 'boosted': False}",EUR,False,Jeep,Renegade,2020,1.0G 120 Limited 5p,36500.0,Gasoline,manual,120.0,2025-01-05T11:27:50.509+00:00,2025-01-19T10:03:52.381+00:00,False,https://es.wallapop.com/item/jeep-renegade-2020-limited-4x2-5p-1085625138,Madrid
wzv4eqk9e7zl,FIAT 500 2022,"Fiat 500 Hibrido 
23.800 kilometros. 
Etiqueta Eco
√önico propietario 
Mantenimiento al d√≠a.
En perfecto estado.
Se puede ver en Alcobendas/ S. Sebasti√°n de los reyes",13,"{'id': 'wzyny4dgxvj5', 'micro_name': '', 'image': {'original': '', 'xsmall': '', 'small': '', 'large': '', 'medium': '', 'xlarge': '', 'original_width': 0, 'original_height': 0}, 'online': False, 'kind': 'normal'}","{'pending': False, 'sold': False, 'reserved': False, 'banned': False, 'expired': False, 'onhold': False}","{'bumped': True, 'highlighted': False, 'urgent': False, 'country_bumped': True, 'boosted': False}",EUR,False,FIAT,500,2022,C Hybrid 1.0 70 Dolcevita 2p S/S,23810.0,Gasoline,manual,70.0,2025-01-06T15:55:43.942+00:00,2025-01-20T07:43:36.984+00:00,False,https://es.wallapop.com/item/fiat-500-2022-1086041489,Soto de La Moraleja
3zl8ww9vd86x,Jeep Grand Cherokee 2018,"Importado. Matriculado en Espa√±a en Octubre de 2022. NO CAMBIO POR OTROS COCHES

Equipamiento y extras:

- Color negro
- Llantas 20"" SRT
- Techo panor√°mico de cristal
- Sistema de sonido Harman Kardon
- Sistema de navegaci√≥n con pantalla t√°ctil
- Transmisi√≥n de audio Bluetooth/interfaz USB/AUX
-Android autom√°tico/Apple Carplay
- Asientos delanteros con aire acondicionado y calefacci√≥n
- asientos traseros con calefacci√≥n
- volante calefactable - interior de cuero
- Autom√°tica de 8 velocidades
- apertura y arranque sin llave
- port√≥n trasero el√©ctrico
- cristales polarizados
- Suspensi√≥n neum√°tica
- Frenos Brembo
- Faros Full LED/faros Bi-Xenon y faros antiniebla LED 
- Sensor de lluvia
- PDC delantero/trasero/lateral con c√°mara de marcha atr√°s y asistente de aparcamiento
- Control de distancia ACC con limitador de velocidad incluido - Asistente de √°ngulo muerto
- Asistente de mantenimiento de carril
- Fijaci√≥n de asiento infantil Isofix",5,"{'id': '8ejkd0mymrzx', 'micro_name': '', 'image': {'original': '', 'xsmall': '', 'small': '', 'large': '', 'medium': '', 'xlarge': '', 'original_width': 0, 'original_height': 0}, 'online': False, 'kind': 'normal'}","{'pending': False, 'sold': False, 'reserved': False, 'banned': False, 'expired': False, 'onhold': False}","{'bumped': True, 'highlighted': False, 'urgent': False, 'country_bumped': False, 'boosted': False}",EUR,False,Jeep,Grand Cherokee,2018,6.4 V8 Hemi 468 SRT8 4x4 5p E6 Aut. MY17,65500.0,Gasoline,automatic,468.0,2025-01-11T12:03:16.810+00:00,2025-01-14T15:08:41.476+00:00,False,https://es.wallapop.com/item/jeep-grand-cherokee-2018-1088279669,Madrid
v6ggxm4xg56e,Mercedes-Benz Sprinter 313 cdi largo 3.5t,VEHICULO NACIONAL HISTORIAL DE MANTENIMIENTO COMPLETO IVA DEDUCIBLE IDEAL PARA CAMPERIZAR 2 LLAVES CAMARA DE MARCHA ATRAS,5,"{'id': 'qnzxe1n23m62', 'micro_name': '', 'image': {'original': '', 'xsmall': '', 'small': '', 'large': '', 'medium': '', 'xlarge': '', 'original_width': 0, 'original_height': 0}, 'online': False, 'kind': 'normal'}","{'pending': False, 'sold': False, 'reserved': False, 'banned': False, 'expired': False, 'onhold': False}","{'bumped': True, 'highlighted': False, 'urgent': False, 'country_bumped': True, 'boosted': False}",EUR,False,Mercedes-Benz,Sprinter,2011,313 cdi largo 3.5t,99000.0,Gasoil,manual,,2025-01-18T01:00:06.859+00:00,2025-01-20T11:40:07.104+00:00,False,https://es.wallapop.com/item/mercedes-benz-sprinter-313-cdi-largo-3-5t-1090917064,Madrid
pzp2opxqk4j3,Citro√´n Berlingo Furgon TALLA M BLUE HADI 100 CONTROL,"-Luces antiniebla con luz de giro est√°tica - protecci√≥n de bajos - Puerta corredera derecha Sin Ventana - Pintura especial blanco polar - Retrovisor exterior regulable el√©ctricamente, ambos - Retrovisor exterior regulable el√©ctricamente y calefactable - Retrovisor exterior negro - Funci√≥n autom√°tica de las luces (Coming Home, Leaving Home) - Asistente a la conducci√≥n: Encendido aut. luces de carretera incl. Asistente luz carretera - Luz de d√≠a- Limpialuneta trasera - Sistema de audio RD 6 (Radio/Lector de CD apto para MP3) con 4 Altavoces - 2 Altavoces y 2 Altavoz de sonidos agudos delante - Panel de instrumentos con Indicador anal√≥gico y digital - Ordenador de a bordo - Control de crucero (Tempomat) incl. Sistema limitador de velocidad - Airbag lado del conductor - Airbag conductor/acompa√±ante - Tabique separador del compartimento de carga Sin Ventana - Aire acondicionado - tapicer√≠a asientos: Tela - Asiento delante derecha mec√°nico regulable - Asiento delante izquierda regulable en altura - Elevalunas el√©ctric. delante derecha con Transmisor de impulsos - Elevalunas el√©ctric. delante izquierda - Cierre centralizado - Desbloqueo de la puerta autom (en accidente) - Puertas traseras doble hoja Sin Lunas - Enchufe (enchufe 12V) en consola central delante - Sistema antibloqueo (ABS) - Kit reparaci√≥n de neum√°ticos - Direcci√≥n asistida el√©ctric. - Regulaci√≥n antideslizante (ASR) - Programa electr√≥nico de estabilidad (ESP) - Asistente a la conducci√≥n: Asistente de subidas - Sistema SCR (Tecnolog√≠a-AdBlue) - Reducci√≥n poluci√≥n seg√∫n norma gases escape Euro 6 (PSA Euro 6.1) - Filtro part√≠culas- Carrocer√≠a/estructura: Caja - Tipo transmisi√≥n: Tracci√≥n delantera- Batalla 2785 mm - Caja de cambios 5-marcha",5,"{'id': 'qnzxe1n23m62', 'micro_name': '', 'image': {'original': '', 'xsmall': '', 'small': '', 'large': '', 'medium': '', 'xlarge': '', 'original_width': 0, 'original_height': 0}, 'online': False, 'kind': 'normal'}","{'pending': False, 'sold': False, 'reserved': False, 'banned': False, 'expired': False, 'onhold': False}","{'bumped': True, 'highlighted': False, 'urgent': False, 'country_bumped': True, 'boosted': False}",EUR,False,Citro√´n,Berlingo Furgon,2019,TALLA M BLUE HADI 100 CONTROL,133000.0,Gasoil,manual,,2025-01-15T01:00:12.298+00:00,2025-01-20T11:40:07.144+00:00,False,https://es.wallapop.com/item/citroen-berlingo-furgon-talla-m-blue-hadi-100-control-1089740898,Madrid
0j2425odnnzy,Peugeot Partner TEEPE BLUEHDI 75 CV,"- Luces antiniebla - Paquete: el√©ctrico - Paquete fumador - pintura-pastel Blanc Banquise - Retrovisor exterior Mec. De inter. regulable - Freno de emergencia -luz intermitente - Luz de d√≠a- equipo lavacristales detr√°s - Limpialuneta trasera con Encendido autom√°tico (Marcha atr√°s) - Lunas tintado - Lunas 3¬™ fila - Luna trasera calefactable(s) - Preinstalaci√≥n radio - Sistema control presi√≥n neum√°ticos - Airbag conductor/acompa√±ante - Sistema de airbag para la cabeza - Airbag acompa√±ante Desconectable - Cubierta del maletero / Persiana- Protector suelo pl√°stico en Maletero/compartimento de carga - tapicer√≠a asientos: Tela - Asiento delante derecha abatible - Asiento trasero plegable 1/3-2/3 - Puerta corredera derecha con Ventanilla giratoria - Puerta corredera derecha con Ventana - Dispositivo de alarma para Cinturones de seguridad - Guantera con llave - Inmovilizador - Portavasos - Orejas de amarre Compartimento de carga - mesas plegables en Reposabrazos conductor y pasajero integrad. - Anclajes Isofix para Asiento para ni√±os - Sistema antibloqueo (ABS) - Asistente a la conducci√≥n: Freno de emergencia - Asistente del freno - Rueda de repuesto de emergencia - Columna de direcci√≥n (Volante) regulable - Direcci√≥n asistida - Programa electr√≥nico de estabilidad (ESP, Bosch) - Asistente a la conducci√≥n: Asistente de subidas - Reducci√≥n poluci√≥n seg√∫n norma gases escape Euro 6 - Filtro part√≠culas - Carrocer√≠a: 5 puertas - Caja de cambios 5-marcha- Motor 1,6 Ltr. - 55 kW Blue-HDI FAP",5,"{'id': 'qnzxe1n23m62', 'micro_name': '', 'image': {'original': '', 'xsmall': '', 'small': '', 'large': '', 'medium': '', 'xlarge': '', 'original_width': 0, 'original_height': 0}, 'online': False, 'kind': 'normal'}","{'pending': False, 'sold': False, 'reserved': False, 'banned': False, 'expired': False, 'onhold': False}","{'bumped': True, 'highlighted': False, 'urgent': False, 'country_bumped': True, 'boosted': False}",EUR,False,Peugeot,Partner,2018,TEEPE BLUEHDI 75 CV,260000.0,Gasoil,manual,75.0,2025-01-15T01:00:18.095+00:00,2025-01-20T11:40:07.241+00:00,False,https://es.wallapop.com/item/peugeot-partner-teepe-bluehdi-75-cv-1089740911,Madrid
w674o8do776x,Toyota Corolla 125H ACTIVE TECH SEDAN,"VEHICULO NACIONAL HIDTORIAL DE MANTENIMIENTO IVA DEDUCIBLE KMS CERTIFICADOS Rejilla paragolpes abajo / arriba Pintura de piano - Retrovisor exterior regulable el√©ctricamente y calefactable - Intermitente en Retrovisor exterior integrad. - Regulaci√≥n del alcance de las luces autom - Luces antiniebla LED - Asistente a la conducci√≥n: Asistente luz carretera (sistema antideslumbramiento autom. Luz de cruce, AHB) - Funci√≥n autom√°tica de las luces (Follow me home, FMH) - Asistente a la conducci√≥n: Reconocimiento de se√±ales de tr√°fico (RSA) - Pilotos traseros LED - Luz de d√≠a LED - Paragolpes color carrocer√≠a - Mandos audio en volante - Instalaci√≥n de manos libres Bluetooth - Conector-Universal (Conexi√≥n USB/iPod/AUX) - Sistema control presi√≥n neum√°ticos - Airbag de rodilla lado del conductor - Sistema limitador de velocidad - adaptativa Control de crucero con Funci√≥n Stop&Go - Airbag conductor/acompa√±ante - Sistema de airbag para la cabeza - Airbag lateral delante - Climatizador autom√°tico 2-zonas - Asiento trasero dividido - Asiento trasero plegable - Agarraderos de la puerta inter. Cromado - Cierre centralizado con Mando a distancia - Bot√≥n-start-stop- Agarraderos de la puerta ext. color carrocer√≠a - Dispositivo de alarma para Cinturones de seguridad detr√°s - Parasoles con Espejo (iluminaci√≥n) - Portavasos delante iluminaci√≥n - Enchufe (enchufe 12V) en consola central - Pomo palanca cambios cuero - Sistema antibloqueo (ABS) - Distribuidor el√©ctr√≥nico de frenada - Freno de estacionamiento el√©ctric. (EPB) - Asistente a la conducci√≥n: Aviso de colisi√≥n frontal (Forward Collision Warning, FCW) - Asistente a la conducci√≥n: Asistente de mantenimiento de carril (LDA) - Asistente a la conducci√≥n: Sensor -reconocimiento de cansancio - Reducci√≥n poluci√≥n seg√∫n norma gases escape Euro 6d -TEMP- Motor 1,8 Ltr. - 72 kW (Sistema: 90 kW) 16V H√≠brido - Carrocer√≠a: 4 puertas- Caja de cambios autom√°tica continua - Multidrive ECVT - Pintura metalizada",5,"{'id': 'qnzxe1n23m62', 'micro_name': '', 'image': {'original': '', 'xsmall': '', 'small': '', 'large': '', 'medium': '', 'xlarge': '', 'original_width': 0, 'original_height': 0}, 'online': False, 'kind': 'normal'}","{'pending': False, 'sold': False, 'reserved': False, 'banned': False, 'expired': False, 'onhold': False}","{'bumped': True, 'highlighted': False, 'urgent': False, 'country_bumped': True, 'boosted': False}",EUR,False,Toyota,Corolla,2020,125H ACTIVE TECH SEDAN,86000.0,,automatic,,2025-01-18T01:00:24.236+00:00,2025-01-20T11:40:07.330+00:00,False,https://es.wallapop.com/item/toyota-corolla-125h-active-tech-sedan-1090917128,Madrid
qjw4wlyw2qzo,Peugeot Partner Furgon Confort PackL1 BlueHDi 55KW 75,"VEH√çCULO NACIONAL CON HISTORIAL COMPLETO IVA DEDUCIBLE E INCL EN EL PRECIO RADIO CON PANTALLA TACTIL Y APPLE CARPLAY ORIGINAL - Paquete fumador - Dispositivo manos libres Bluetooth - Airbag acompa√±ante - Puerta corredera derecha - Mantenimiento del modelo (2) - Paquete: el√©ctrico - Paquete confort - Carrocer√≠a/estructura: Caja - Molduras protectoras Paragolpes color carrocer√≠a - Preinstalaci√≥n radio - Airbag lado del conductor - Rejilla protectora para la carga Detr√°s Conductor - Protector suelo pl√°stico en Maletero/compartimento de carga - Recubrimiento del suelo Vinilo - tapicer√≠a asientos: Tela - Asiento del acompa√±ante doble - Elevalunas el√©ctric. delante - Puertas traseras doble hoja Sin Lunas - Retrovisor interior antideslumbrante - Enchufe (enchufe 12V) en Maletero/compartimento de carga - Sistema antibloqueo (ABS) - Rueda de repuesto - Direcci√≥n asistida - Programa electr√≥nico de estabilidad (ESP, Bosch) - Tipo transmisi√≥n: Tracci√≥n delantera - Asistente a la conducci√≥n: Asistente de subidas - Batalla 2728 mm - Caja de cambios 5-marcha - Sistema SCR (Tecnolog√≠a-AdBlue) - Reducci√≥n poluci√≥n seg√∫n norma gases escape Euro 6 - Filtro part√≠culas - Motor 1,6 Ltr. - 55 kW Blue-HDI FAP",5,"{'id': 'qnzxe1n23m62', 'micro_name': '', 'image': {'original': '', 'xsmall': '', 'small': '', 'large': '', 'medium': '', 'xlarge': '', 'original_width': 0, 'original_height': 0}, 'online': False, 'kind': 'normal'}","{'pending': False, 'sold': False, 'reserved': False, 'banned': False, 'expired': False, 'onhold': False}","{'bumped': True, 'highlighted': False, 'urgent': False, 'country_bumped': True, 'boosted': False}",EUR,False,Peugeot,Partner,2019,Furgon Confort PackL1 BlueHDi 55KW 75,15999.0,Gasoil,manual,,2025-01-18T01:00:17.075+00:00,2025-01-20T11:40:07.368+00:00,False,https://es.wallapop.com/item/peugeot-partner-furgon-confort-packl1-bluehdi-55kw-75-1090917105,Madrid
x6qmglygv5jy,Toyota Corolla 120h active tech,"VEHICULO NACIONAL HISTORIAL DE MANTENIMIENTO COMPLETO IVA DEDUCIBLE INCLUIDO EN EL PRECIO KMS REALES 184000 - Carrocer√≠a: 5 puertas - Rejilla paragolpes abajo / arriba Pintura de piano - Retrovisor exterior regulable el√©ctricamente y calefactable - Intermitente en Retrovisor exterior integrad. - Regulaci√≥n del alcance de las luces autom - Luces antiniebla LED - Asistente a la conducci√≥n: Asistente luz carretera (sistema antideslumbramiento autom. Luz de cruce, AHB) - Funci√≥n autom√°tica de las luces (Follow me home, FMH) - Asistente a la conducci√≥n: Reconocimiento de se√±ales de tr√°fico (RSA) - Pilotos traseros LED - Luz de d√≠a LED - Paragolpes color carrocer√≠a - Mandos audio en volante - Instalaci√≥n de manos libres Bluetooth - Conector-Universal (Conexi√≥n USB/iPod/AUX) - Sistema control presi√≥n neum√°ticos - Airbag de rodilla lado del conductor - Sistema limitador de velocidad- adaptativa Control de crucero con Funci√≥n Stop&Go - Airbag conductor/acompa√±ante - Sistema de airbag para la cabeza - Airbag lateral delante - Cubierta del maletero / Persiana - Climatizador autom√°tico 2-zonas - Asiento trasero dividido - Asiento trasero plegable - Agarraderos de la puerta inter. Cromado - Cierre centralizado con Mando a distancia - Bot√≥n-start-stop - Agarraderos de la puerta ext. color carrocer√≠a - Dispositivo de alarma para Cinturones de seguridad detr√°s - Parasoles con Espejo (iluminaci√≥n) - Portavasos delante iluminaci√≥n - Enchufe (enchufe 12V) en consola central - Pomo palanca cambios cuero - Sistema antibloqueo (ABS) - Distribuidor el√©ctr√≥nico de frenada - Freno de estacionamiento el√©ctric. (EPB) - Asistente a la conducci√≥n: Aviso de colisi√≥n frontal (Forward Collision Warning, FCW) - Asistente a la conducci√≥n: Asistente de mantenimiento de carril (LDA) - Asistente a la conducci√≥n: Sensor-reconocimiento de cansancio - Caja de cambios autom√°tica continua - Multidrive ECVT - Reducci√≥n poluci√≥n seg√∫n norma gases escape Euro 6d-TEMP - Motor 1,8 Ltr. - 72 kW (Sistema: 90 kW) 1",5,"{'id': 'qnzxe1n23m62', 'micro_name': '', 'image': {'original': '', 'xsmall': '', 'small': '', 'large': '', 'medium': '', 'xlarge': '', 'original_width': 0, 'original_height': 0}, 'online': False, 'kind': 'normal'}","{'pending': False, 'sold': False, 'reserved': False, 'banned': False, 'expired': False, 'onhold': False}","{'bumped': True, 'highlighted': False, 'urgent': False, 'country_bumped': True, 'boosted': False}",EUR,False,Toyota,Corolla,2020,120h active tech,179998.0,,automatic,,2025-01-18T01:00:20.364+00:00,2025-01-20T11:40:07.411+00:00,False,https://es.wallapop.com/item/toyota-corolla-120h-active-tech-1090917118,Madrid
xzo2mmvvg769,KIA Picanto 2007,"Kia picanto 1.1 CRDI de 75 cv.

Extras: Direcci√≥n asistida elevalunas el√©ctricos cierre centralizado aire acondicionado espejos el√©ctricos.

Mec√°nicamente totalmente  revisado mantenimiento al dia neum√°ticos a un 85 porciento de uso dos juegos de llaves distintivo medio ambiental B mejor ver y probar para m√°s informaci√≥n llamen al 622310572.",8,"{'id': 'xzo83qke3769', 'micro_name': '', 'image': {'original': '', 'xsmall': '', 'small': '', 'large': '', 'medium': '', 'xlarge': '', 'original_width': 0, 'original_height': 0}, 'online': False, 'kind': 'normal'}","{'pending': False, 'sold': False, 'reserved': False, 'banned': False, 'expired': False, 'onhold': False}","{'bumped': True, 'highlighted': False, 'urgent': False, 'country_bumped': True, 'boosted': False}",EUR,False,KIA,Picanto,2007,1.1 CRDi VGT 75 Active 5p,213000.0,Gasoil,manual,75.0,2025-01-11T11:36:33.930+00:00,2025-01-20T11:40:07.909+00:00,False,https://es.wallapop.com/item/kia-picanto-2007-1088268633,Madrid
x6qm3o1dpejy,Toyota Supra GR Premium ,"Vehiculo de importacion a la carta bajo pedido.
Detallamos todos los servicios incluidos:
- Verificacion del vehiculo
- Transporte hasta nuestras instalaciones
- ITV especial previa a matriculacion
- Certificado de conformidad (CoC) / ficha reducida
- Impuestos de transmisiones patrimoniales / IVA, impuesto de circulacion (IVTM) e impuesto de matriculacion (IEDMT)
- Tasas de Trafico
- Cambio de nombre / transferencia
- Matriculas acrilicas
- Garantia de 1 ano para particulares (ampliable a 2 y 3 anos) y si el vehiculo todavia dispone de garantia del fabricante vigente tambien es valida en Espana.

- Libro revisiones y km certificados.
- Posibilidad de financiacion hasta el 100% desde un 4,99%. Evita enganos: mismo precio contado que financiado.
- Aceptamos pagos en Bitcoin / Criptomonedas.
- Transporte opcional a cualquier punto de Espana.
- Recogemos su vehiculo como parte de pago.
- Aceptamos revision en concesionario oficial.

*El anuncio puede contener errores, no teniendo caracter contractual*...",2,"{'id': 'mxzodvkem7j9', 'micro_name': '', 'image': {'original': '', 'xsmall': '', 'small': '', 'large': '', 'medium': '', 'xlarge': '', 'original_width': 0, 'original_height': 0}, 'online': False, 'kind': 'normal'}","{'pending': False, 'sold': False, 'reserved': False, 'banned': False, 'expired': False, 'onhold': False}","{'bumped': True, 'highlighted': False, 'urgent': False, 'country_bumped': False, 'boosted': False}",EUR,False,Toyota,Supra,2021,GR Premium,49000.0,Gasoline,automatic,258.0,2025-01-10T11:22:41.054+00:00,2025-01-20T11:40:10.514+00:00,False,https://es.wallapop.com/item/toyota-supra-gr-premium-1087744266,Madrid
0j242dwemvzy,Toyota Rav4 TOYOTA Rav4 2.5l hybrid 2WD Feel ," - Acabado Feel 
- Acceso y Arranque sin llave 
- Navegador GPS
- Asientos en alcantara y cuero calefactados y electricos
- Faros LED
- Camara trasera
- Control de velocidad
- Limitador de velocidad
- Clima bi-zona
- Llantas de aleacion de 18 pulgadas en color negro
- Sistema de sonido premium JBL
- Levas de cambio en el volante
- Volante multifuncion
- Porton trasero electrico
- Asistente cambio de carril
- 3 modos de conduccion
- Cristales traseros oscurecidos
- Asientos delanteros calefactables 
- Asiento del conductor regulable en altura con ajuste lumbar electrico.
- Bola de remolque 
- Rueda de emergencia 


- Transferencia incluida.
- Garanti¬≠a oficial 12 meses incluida.
- Libro revisiones y km certificados.
- Posibilidad de financiacion hasta el 100% desde un 4,99%. Evita enganos: mismo precio contado que financiado.
- Aceptamos pagos en Bitcoin / Criptomonedas.
- Transporte opcional a cualquier punto de Espana.
- Recogemos su vehiculo como parte de pago.
- Aceptamos revision en concesionario oficial.

*El anuncio puede contener errores, no teniendo caracter contractual*...",2,"{'id': 'mxzodvkem7j9', 'micro_name': '', 'image': {'original': '', 'xsmall': '', 'small': '', 'large': '', 'medium': '', 'xlarge': '', 'original_width': 0, 'original_height': 0}, 'online': False, 'kind': 'normal'}","{'pending': False, 'sold': False, 'reserved': False, 'banned': False, 'expired': False, 'onhold': False}","{'bumped': True, 'highlighted': False, 'urgent': False, 'country_bumped': False, 'boosted': False}",EUR,False,Toyota,Rav4,2016,TOYOTA Rav4 2.5l hybrid 2WD Feel,59998.0,Electric,automatic,197.0,2025-01-10T18:16:05.818+00:00,2025-01-20T11:40:10.711+00:00,False,https://es.wallapop.com/item/toyota-rav4-toyota-rav4-2-5l-hybrid-2wd-feel-1087914235,Madrid
v6gg5r3gk26e,BMW Serie 1 118i ,"BMW 118i

De junio de 2024. Solo 6 meses. Como nuevo. 15.000km


- Transferencia incluida.
- Garanti¬≠a oficial 12 meses incluida.
- Libro revisiones y km certificados.
- Posibilidad de financiacion hasta el 100% desde un 4,99%. Evita enganos: mismo precio contado que financiado.
- Aceptamos pagos en Bitcoin / Criptomonedas.
- Transporte opcional a cualquier punto de Espana.
- Recogemos su vehiculo como parte de pago.
- Aceptamos revision en concesionario oficial.

*El anuncio puede contener errores, no teniendo caracter contractual*...",2,"{'id': 'mxzodvkem7j9', 'micro_name': '', 'image': {'original': '', 'xsmall': '', 'small': '', 'large': '', 'medium': '', 'xlarge': '', 'original_width': 0, 'original_height': 0}, 'online': False, 'kind': 'normal'}","{'pending': False, 'sold': False, 'reserved': False, 'banned': False, 'expired': False, 'onhold': False}","{'bumped': True, 'highlighted': False, 'urgent': False, 'country_bumped': False, 'boosted': False}",EUR,False,BMW,Serie 1,2024,118i,10000.0,Gasoline,automatic,136.0,2025-01-10T11:23:27.341+00:00,2025-01-20T11:40:10.807+00:00,False,https://es.wallapop.com/item/bmw-serie-1-118i-1087744564,Madrid
v6ggx0wvk56e,Citroen Jumpy 2021 1.5D 100cv 6vel 3plz ,"Citroen jumpy talla M 1.5D 100cv BlueHDI 6v en muy buen estado general tanto interior exterior y mec√°nica !! Se entrega con garant√≠a de 12 meses libre elecci√≥n de taller !! ( veh√≠culo con el 21% de IVA deducible incluido en el precio, tambi√©n disponemos de financiaci√≥n a su medida) motor fiable y duradero kms hechos en carretera con citas de mantenimiento de principio a fin revisando muy poco consumo doble juego de llave distintivo Ambiental C extras: aire acondicionado sistema eco star/stop equipo de audio de origen con volante multifuncion bluetooth entradas aux y usb elevalunas el√©ctricos gran capacidad de carga y m√°s extras mejor ver gracias ",7,"{'id': 'v6g0kemed2je', 'micro_name': '', 'image': {'original': '', 'xsmall': '', 'small': '', 'large': '', 'medium': '', 'xlarge': '', 'original_width': 0, 'original_height': 0}, 'online': False, 'kind': 'normal'}","{'pending': False, 'sold': False, 'reserved': False, 'banned': False, 'expired': False, 'onhold': False}","{'bumped': True, 'highlighted': False, 'urgent': False, 'country_bumped': True, 'boosted': False}",EUR,False,Citroen,Jumpy,2021,Furg√≥n 1.5 BlueHDi 100 Control Talla M 4p S/S,200000.0,Gasoil,manual,102.0,2025-01-19T14:55:37.064+00:00,2025-01-20T12:00:29.247+00:00,False,https://es.wallapop.com/item/citroen-jumpy-2021-1-5d-100cv-6vel-3plz-1091466688,Madrid
nz04pgkgq7jo,SEAT Leon 1.6 TDI 115cv 2019 familiar ,"SEAT leon ST 1.6 TDI 115cv 2019 en muy buen estado general tanto interior exterior y mec√°nica !! Se entrega con garant√≠a de 12 meses libre elecci√≥n de taller !! Motor fiable y duradero muy poco consumo veh√≠culo revisado de principio a fin kms hechos solamente en carretera ITV pasada distintivo ambiental C extras: pantalla grande multifuncion t√°ctil navegador GPS ordenador abordo Bluetooth etc entradas usb y aux packtronick del,tras con c√°mara de visi√≥n trasera llantas de aluminio tapicer√≠a isofix climatizador bi-zona volante multifuncion elevalunas y espejos el√©ctricos arranque por bot√≥n gran capacidad en maletero y muchos m√°s extras mejor ver gracias ",7,"{'id': 'v6g0kemed2je', 'micro_name': '', 'image': {'original': '', 'xsmall': '', 'small': '', 'large': '', 'medium': '', 'xlarge': '', 'original_width': 0, 'original_height': 0}, 'online': False, 'kind': 'normal'}","{'pending': False, 'sold': False, 'reserved': False, 'banned': False, 'expired': False, 'onhold': False}","{'bumped': True, 'highlighted': False, 'urgent': False, 'country_bumped': True, 'boosted': False}",EUR,False,SEAT,Leon,2019,1.6 TDI CR 115 Style Visio con Navi 5p S/S,200000.0,Gasoil,manual,115.0,2025-01-19T14:38:50.426+00:00,2025-01-20T12:00:35.283+00:00,False,https://es.wallapop.com/item/seat-leon-1-6-tdi-115cv-2019-familiar-1091461175,Madrid
pzp2ey42x5j3,Opel Combo Life 2019 1.5TD 100cv 5plz ,Opel combo life 1.5 TD 100cv 5 plazas finales de 2019 en muy buen estado general tanto interior exterior y mec√°nica !! Se entrega con garant√≠a de 12 meses libre elecci√≥n de taller!! ( veh√≠culo con el 21% de IVA deducible  incluido en el precio) Motor fiable y duradero muy poco consumo kms hechos solamente en carretera veh√≠culo revisado y mantenido de principio a fin con citas de mantenimiento ITV pasada extras: climatizador bi-zona pantalla grande multifuncion bluetooth entradas aux y usb volante multifuncion sensor de aparcamiento de luces y de lluvia varios asistentes en conducci√≥n star/stop desviaci√≥n de carril reconocimiento de cansancio etc tapicer√≠a isofix con apolla brazos delantero gran capacidad en maletero vacas en el techo y muchos m√°s extras mejor ver gracias ,7,"{'id': 'v6g0kemed2je', 'micro_name': '', 'image': {'original': '', 'xsmall': '', 'small': '', 'large': '', 'medium': '', 'xlarge': '', 'original_width': 0, 'original_height': 0}, 'online': False, 'kind': 'normal'}","{'pending': False, 'sold': False, 'reserved': False, 'banned': False, 'expired': False, 'onhold': False}","{'bumped': True, 'highlighted': False, 'urgent': False, 'country_bumped': True, 'boosted': False}",EUR,False,Opel,Combo Life,2019,1.5 TD 100 Innovation 5p S/S,190000.0,Gasoil,manual,102.0,2025-01-19T14:45:14.422+00:00,2025-01-20T12:00:41.277+00:00,False,https://es.wallapop.com/item/opel-combo-life-2019-1-5td-100cv-5plz-1091463298,Madrid
nzx4xlx1v1j2,Audi Q7 restyling 3.0 TDI 240cv quattro S-line 7pl,"Audi Q7 3.0 TDI 240cv quattro S-line 7plz !!Full equipe el m√°s alto de gama !! En muy buen estado general tanto interior exterior y mec√°nica !! Se entrega con garant√≠a de 12 meses libre elecci√≥n de taller!! Motor fiable y duradero veh√≠culo nacional revisado kms hechos solamente en carretera doble juego de llave ITV pasada distintivo ambiental B durmiendo en garaje ruedas al 80% de uso extras: faros bi-xenon con luz led diurna llantas de aluminio 19‚Äù de origen triple techo solar el√©ctrico independiente con cortinillas 7 plazas abatibles tapicer√≠a combinada en piel y Alc√°ntara con asientos deportivos S-line el√©ctricos y calefactables con TV incorporadas de serie con cascos cambio aut secuencial y modo sport con levas volante multifuncion S-line clima tri-zona pantalla multifuncion navegador GPS ordenador abordo etc control de velocidad cruiser sensor de aparcamiento del,tras de luces y de lluvia y much√≠simos m√°s extras mejor ver gracias ",7,"{'id': 'v6g0kemed2je', 'micro_name': '', 'image': {'original': '', 'xsmall': '', 'small': '', 'large': '', 'medium': '', 'xlarge': '', 'original_width': 0, 'original_height': 0}, 'online': False, 'kind': 'normal'}","{'pending': False, 'sold': False, 'reserved': False, 'banned': False, 'expired': False, 'onhold': False}","{'bumped': True, 'highlighted': False, 'urgent': False, 'country_bumped': True, 'boosted': False}",EUR,False,Audi,Q7,2011,3.0 TDI 240 Ambition quattro 5p tip. DPF,270000.0,Gasoil,automatic,240.0,2025-01-19T14:32:47.035+00:00,2025-01-20T12:00:48.282+00:00,False,https://es.wallapop.com/item/audi-q7-restyling-3-0-tdi-240cv-quattro-s-line-7pl-1091459254,Madrid
v6ggr840dm6e,SEAT Alhambra 2019 2.0TDI 150cv aut 7plz Xcellence,"SEAT Alhambra 2.0 TDI 150cv DSG Xcellence 7plz !! En muy buen estado general tanto interior exterior y mec√°nica!! (se entrega con garant√≠a de 12 meses libre elecci√≥n de taller, vehiculo con el 21% de IVA deducible incluido en el precio, tambi√©n disponemos de financiaci√≥n a su medida) !! Veh√≠culo nacional revisado y mantenido motor fiable y duradero cambio de kit de distribuci√≥n y revisi√≥n aceite filtros etc reci√©n hecho con Facturas!! Kms hechos solamente en carretera ITV reci√©n pasada distintivo ambiental C doble juego de llave extras: faros bi-xenon con luz led diurna packtronick del,tras con c√°mara de visi√≥n trasera apertura puertas laterales y maletero el√©ctricas control por bot√≥n y mando 7 plazas abatibles tapicer√≠a isofix climatizador de aire en todas las filas salidas de aire en todas las filas pantalla t√°ctil multifuncion navegador GPS ordenador abordo bluetooth arranque por bot√≥n aparca sola star/stop cambio autom√°tico secuencial y modo sport con levas en el volante y muchos m√°s extras mejor ver gracias ",7,"{'id': 'v6g0kemed2je', 'micro_name': '', 'image': {'original': '', 'xsmall': '', 'small': '', 'large': '', 'medium': '', 'xlarge': '', 'original_width': 0, 'original_height': 0}, 'online': False, 'kind': 'normal'}","{'pending': False, 'sold': False, 'reserved': False, 'banned': False, 'expired': False, 'onhold': False}","{'bumped': True, 'highlighted': False, 'urgent': False, 'country_bumped': True, 'boosted': False}",EUR,False,SEAT,Alhambra,2019,2.0 TDI CR 150 Xcellence 5p S/S DSG,260000.0,Gasoil,automatic,150.0,2024-11-30T19:58:15.939+00:00,2025-01-20T12:00:58.018+00:00,False,https://es.wallapop.com/item/seat-alhambra-2019-2-0tdi-150cv-aut-7plz-xcellence-1074651216,Madrid
36e14yo3pnjd,Mercedes-Benz  GL 350cdi 258cv 7G restyling 7plz,"Mercedes GL 350 cdi 4matic Bluetec 258cv 7G 7plz !! Full equipe el m√°s alto de gama !! En muy buen estado general tanto interior exterior y mec√°nica !! Se entrega con garant√≠a de 12 meses libre elecci√≥n de taller !! Motor fiable y duradero revisado kms hechos solamente en carretera veh√≠culo nacional durmiendo en garaje doble juego de llave distintivo ambiental C ITV pasada extras: triple techo solar el√©ctrico faros bi-xenon con luz led diurna sensores de aparcamiento ( con c√°mara de visi√≥n trasera) luces y lluvia 7 plazas abatibles tapicer√≠a en piel con asientos el√©ctricos con memoria y calefactables con isofix y TV incorporadas de serie clima 3-zonas delantero y trasero varios asistentes en conducci√≥n ( reconocimiento de cansancio, anti colisi√≥n, ayuda en subidas, desviaci√≥n de carril etc) y diferentes modos de conducci√≥n sistema eco star/stop caja autom√°tica 7 velocidades control y limitador de velocidad cruiser pantalla multifuncion con navegador GPS ordenador abordo etc volante multifuncion apertura maletero aut y muchismos m√°s extras mejor ver gracias ",7,"{'id': 'v6g0kemed2je', 'micro_name': '', 'image': {'original': '', 'xsmall': '', 'small': '', 'large': '', 'medium': '', 'xlarge': '', 'original_width': 0, 'original_height': 0}, 'online': False, 'kind': 'normal'}","{'pending': False, 'sold': False, 'reserved': False, 'banned': False, 'expired': False, 'onhold': False}","{'bumped': True, 'highlighted': False, 'urgent': False, 'country_bumped': True, 'boosted': False}",EUR,False,Mercedes-Benz, GL,2013,GL 350 258 BT 4Matic 5p 7G-T,300000.0,Gasoil,automatic,258.0,2025-01-13T22:32:15.215+00:00,2025-01-20T12:01:08.601+00:00,False,https://es.wallapop.com/item/mercedes-benz-gl-350cdi-258cv-7g-restyling-7plz-1089371715,Madrid
8j34wmp90869,Jeep Compass 2017 limited 4x4,"negro, tapiceria en negro piel, itv pasada",9,"{'id': 'evjrv3q25l6k', 'micro_name': '', 'image': {'original': '', 'xsmall': '', 'small': '', 'large': '', 'medium': '', 'xlarge': '', 'original_width': 0, 'original_height': 0}, 'online': False, 'kind': 'normal'}","{'pending': False, 'sold': False, 'reserved': False, 'banned': False, 'expired': False, 'onhold': False}","{'bumped': True, 'highlighted': False, 'urgent': False, 'country_bumped': False, 'boosted': False}",EUR,False,Jeep,Compass,2017,2.4 170 Limited 5p,146067.0,Gasoline,automatic,170.0,2025-01-19T08:43:27.001+00:00,2025-01-20T11:55:45.674+00:00,False,https://es.wallapop.com/item/jeep-compass-2017-limited-4x4-1091317182,Madrid
xzo2qnvxk469,Mercedes-Benz Clase A 2019,"Super Oportunidad!!
Se vende espectacular Mercedes clase A 180d edicion Limitada. Nacional
paquete AMG
automatico. 

todas las revisiones hechas en la casa (libro de mantenimiento)
Neumaticos cambiados hace 2 meses
asientos de cuero,
llantas de aluminio.
asientos calefactables.
climatizador bizona. 
para mas informacion ponte en contacto!
gratantia de 6 meses incluida en el precio. 

Posibilidad de financiaci√≥n. ",2,"{'id': '3zlg08n07njx', 'micro_name': '', 'image': {'original': '', 'xsmall': '', 'small': '', 'large': '', 'medium': '', 'xlarge': '', 'original_width': 0, 'original_height': 0}, 'online': False, 'kind': 'normal'}","{'pending': False, 'sold': False, 'reserved': False, 'banned': False, 'expired': False, 'onhold': False}","{'bumped': True, 'highlighted': False, 'urgent': False, 'country_bumped': False, 'boosted': False}",EUR,False,Mercedes-Benz,Clase A,2019,A 180 d 116 5p,112000.0,Gasoil,automatic,116.0,2024-12-21T19:50:00.135+00:00,2025-01-09T11:58:51.336+00:00,False,https://es.wallapop.com/item/mercedes-benz-clase-a-2019-1081635281,Madrid
36e1r4ymoqjd,Volvo V60 1.6D2 115CV MOD MOMENTUN,VOLVO V60 1.6D MOD MOMENTUM CON 115CV ITV RECIEN PASADA CON 280000KM ECHO EN AUTOVIA LA GRAN MAYOR√çA DEL A≈ÉO DICIEMBRE 2011 ETIQUETA B PERFECTO ESTADO MEC√ÅNICA TODO OK ‚úÖ INTERIOR SIN DESGASTE Y CHAPA BIEN VA DE MARAVILLA COCHE ANPLIO Y SEGURO IDEAL PARA FAMILIAS OCIO DEPORTE MASCOSTAS M√çNIMO CONSUMO RUEDAS AL 80 % ADMITO PRUEBAS MEC√ÅNICAS Y CONDUCCI√ìN EN AUTOV√çA PRECIO NO NEGOCIABLE ,7,"{'id': 'x6qyqmoggqjy', 'micro_name': '', 'image': {'original': '', 'xsmall': '', 'small': '', 'large': '', 'medium': '', 'xlarge': '', 'original_width': 0, 'original_height': 0}, 'online': False, 'kind': 'normal'}","{'pending': False, 'sold': False, 'reserved': False, 'banned': False, 'expired': False, 'onhold': False}","{'bumped': True, 'highlighted': False, 'urgent': False, 'country_bumped': True, 'boosted': False}",EUR,False,Volvo,V60,2012,1.6 D2 115 Momentum 5p,280000.0,Gasoil,manual,115.0,2024-11-23T21:09:30.817+00:00,2025-01-20T11:59:13.731+00:00,False,https://es.wallapop.com/item/volvo-v60-1-6d-125cv-ano-2012-1072570439,Madrid
p6143n87q565,KIA Stonic 2022,"AKI Madrid
Concesionario Kia Seminuevos Certificados ‚Äì AKI Madrid.
Encu√©ntranos en:
Calle Valent√≠n Beato, 9 28037 Madrid
Paseo de las Artes, S/N 28320 Pinto
Veh√≠culo seminuevo certificado con garant√≠a.
Precio al contado llave en mano: 17.500‚Ç¨
*AMBOS PRECIOS INCLUYEN GASTOS DE TRANSFERENCIA Y GARANT√çA.
Oferta v√°lida hasta fin de existencias. SOLO 1 UNIDAD DISPONIBLE.
Aceptamos su veh√≠culo como parte de pago.
Solicite cita previa para valorarlo.
Las fotos corresponden al veh√≠culo ofertado.
Compra 100% Online.
Enviamos el veh√≠culo a cualquier punto del territorio peninsular, consulte precio y condiciones.
Estamos a su disposici√≥n.
",7,"{'id': '9jd7nwvd2djk', 'micro_name': '', 'image': {'original': '', 'xsmall': '', 'small': '', 'large': '', 'medium': '', 'xlarge': '', 'original_width': 0, 'original_height': 0}, 'online': False, 'kind': 'normal'}","{'pending': False, 'sold': False, 'reserved': False, 'banned': False, 'expired': False, 'onhold': False}","{'bumped': True, 'highlighted': False, 'urgent': False, 'country_bumped': False, 'boosted': False}",EUR,False,KIA,Stonic,2022,MHEV 1.0 T-GDi 100 Drive 5p ISG,11000.0,Gasoil,manual,100.0,2025-01-15T17:09:24.126+00:00,2025-01-20T12:00:02.050+00:00,False,https://es.wallapop.com/item/kia-stonic-2022-1089969055,Madrid
w6745x3we86x,FIAT 500 2018,"NACIONAL+KM CERTIFICADOS
LLANTAS DE ALUMINIO,,,TECHO PANORAMICO,,,PEGATINA C,,,
ESTAMOS EN TORRIJOS AVDA. DE TOLEDO, 27 
IVA INCLUIDO Y DEDUCIBLE.
7900‚Ç¨ PRECIO FINANCIADO. 8900‚Ç¨ PRECIO CONTADO.",13,"{'id': 'lqzm1elwnyzv', 'micro_name': '', 'image': {'original': '', 'xsmall': '', 'small': '', 'large': '', 'medium': '', 'xlarge': '', 'original_width': 0, 'original_height': 0}, 'online': False, 'kind': 'normal'}","{'pending': False, 'sold': False, 'reserved': False, 'banned': False, 'expired': False, 'onhold': False}","{'bumped': True, 'highlighted': False, 'urgent': False, 'country_bumped': False, 'boosted': False}",EUR,False,FIAT,500,2018,1.2 8v 69 Pop 3p,92998.0,Gasoline,manual,69.0,2025-01-04T09:42:17.603+00:00,2025-01-20T12:00:08.172+00:00,False,https://es.wallapop.com/item/fiat-500-2018-1085264904,Legan√©s
pj9mp4nkyk6e,Renault Clio 2020,"NACIONAL+KM CERTIFICADOS
LUCES LED,,,SENSORES DE LLUVIA Y LUCES,,,CONTROL DE CARRIL Y VELOCIDAD,,,USB,,,CAMBIO MANUAL 6 VELOCIDADES, PEGATINA C,,,IVA INCLUIDO Y DEDUCIBLE. 
ESTAMOS EN TORRIJOS AVDA. DE TOLEDO, 27 
10900‚Ç¨PRECIO FINANCIADO. 11900‚Ç¨ PRECIO AL CONTADO.",13,"{'id': 'lqzm1elwnyzv', 'micro_name': '', 'image': {'original': '', 'xsmall': '', 'small': '', 'large': '', 'medium': '', 'xlarge': '', 'original_width': 0, 'original_height': 0}, 'online': False, 'kind': 'normal'}","{'pending': False, 'sold': False, 'reserved': False, 'banned': False, 'expired': False, 'onhold': False}","{'bumped': True, 'highlighted': False, 'urgent': False, 'country_bumped': False, 'boosted': False}",EUR,False,Renault,Clio,2020,1.5 DCI 85CV ,103000.0,Gasoil,manual,85.0,2025-01-03T12:51:34.771+00:00,2025-01-20T12:00:08.242+00:00,False,https://es.wallapop.com/item/renault-clio-2020-1085004913,Legan√©s
ejk87m2vv9jx,BMW Serie 1 2016,"NACIONAL+KM CERTIFICADOS
LUCES XENON, ,,SENSORES DE LLUVIA Y LUCES,,, USB Y BLUETOOH,,,CAMBIO MANUAL 6 VELOCIDADES,,,PEGATINA C,,,IVA INCLUIDO.
ESTAMOS EN TORRIJOS AVDA. DE TOLEDO, 27 
10.900‚Ç¨ PRECIO FINANCIADO. 11900‚Ç¨ PRECIO CONTADO.
",13,"{'id': 'lqzm1elwnyzv', 'micro_name': '', 'image': {'original': '', 'xsmall': '', 'small': '', 'large': '', 'medium': '', 'xlarge': '', 'original_width': 0, 'original_height': 0}, 'online': False, 'kind': 'normal'}","{'pending': False, 'sold': False, 'reserved': False, 'banned': False, 'expired': False, 'onhold': False}","{'bumped': True, 'highlighted': False, 'urgent': False, 'country_bumped': False, 'boosted': False}",EUR,False,BMW,Serie 1,2016,F20 116i 109 5p,197000.0,Gasoil,manual,109.0,2025-01-03T10:35:48.222+00:00,2025-01-20T12:00:08.309+00:00,False,https://es.wallapop.com/item/bmw-serie-1-2016-1084920123,Legan√©s
w6745xdrr76x,Volkswagen T-Roc 2020,"NACIONAL+KM CERTIFICADOS
LLANTAS DE ALUMINIO,,,CONTROL DE VELOCIDAD,,,SENSORES DE LLUVIA Y LUCES,,,GPS,,,USB Y BLUETTOOH,,,CAMBIO MANUAL 6 VELOCIDADES,,,PEGATINA C,,,,
IVA INCLUIDO Y DEDUCIBLE.
ESTAMOS EN TORRIJOS AVDA. DE TOLEDO, 27 
18300‚Ç¨ PRECIO FINANCIADO. 20300‚Ç¨ PRECIO CONTADO.",13,"{'id': 'lqzm1elwnyzv', 'micro_name': '', 'image': {'original': '', 'xsmall': '', 'small': '', 'large': '', 'medium': '', 'xlarge': '', 'original_width': 0, 'original_height': 0}, 'online': False, 'kind': 'normal'}","{'pending': False, 'sold': False, 'reserved': False, 'banned': False, 'expired': False, 'onhold': False}","{'bumped': True, 'highlighted': False, 'urgent': False, 'country_bumped': False, 'boosted': False}",EUR,False,Volkswagen,T-Roc,2020,1.5 TSI EVO 150 Advance Style 5p S/S,75000.0,Gasoline,manual,150.0,2025-01-04T09:58:12.213+00:00,2025-01-20T12:00:08.404+00:00,False,https://es.wallapop.com/item/volkswagen-t-roc-2020-1085272952,Legan√©s
9jdkq438xd6k,HYUNDAI ix35 1.7CRDI Sky 4x2 115 cv ,"
          AUTOMOVILES RENUEVA TU AUTO 

CON 12 MESES DE GARANT√çA  INCLUIDA  
HYUNDAI ix35 1.7CRDI Sky 4x2 115 cv 
Del a√±o 2012 con 252 mil km 
Direcci√≥n asistida 
Elevalunas el√©ctricos 
Cierres centralizados con mando a distancia 
Retrovisores el√©ctricos 
Ordenador abordo 
Volante multifuncion 
Velocidad crucero 
Radio CD original con entrada auxiliar bluetooth etc‚Ä¶
Aire climatizado bi-zona individual 
Sensor de aparcamiento 
Llantas de aleaci√≥n
Neum√°ticos al 80% 
ITV al d√≠a 
Para m√°s informaci√≥n llamen al 633528476 gracias y un saludo 

Precio: 6,500 euros ",10,"{'id': 'ke653d8eekzo', 'micro_name': '', 'image': {'original': '', 'xsmall': '', 'small': '', 'large': '', 'medium': '', 'xlarge': '', 'original_width': 0, 'original_height': 0}, 'online': False, 'kind': 'normal'}","{'pending': False, 'sold': False, 'reserved': False, 'banned': False, 'expired': False, 'onhold': False}","{'bumped': True, 'highlighted': False, 'urgent': False, 'country_bumped': False, 'boosted': False}",EUR,False,Hyundai,ix35,2012,1.7 CRDi 115 GLS Comfort Sky 4x2 5p,252000.0,Gasoil,manual,115.0,2024-12-14T10:39:19.609+00:00,2025-01-20T12:00:08.461+00:00,False,https://es.wallapop.com/item/hyundai-ix35-1-7crdi-sky-4x2-115-cv-1079229912,La Fortuna
9jdkqyp1w46k,CITROEN Berlingo Multispace 1.6HDi 90 cv,"          AUTOMOVILES RENUEVA TU AUTO 

CON 12 MESES DE GARANT√çA  INCLUIDA  
CITROEN Berlingo Multispace 1.6HDi 90 cv
Del a√±o 2015 con 320 mil km 
Direcci√≥n asistida 
Elevalunas el√©ctricos 
Cierres centralizados con mando a distancia 
Retrovisores el√©ctricos 
Ordenador abordo 
Volante multifuncion 
Velocidad crucero 
Radio CD original con entrada auxiliar bluetooth etc..
Aire climatizado
Sensor de luces 
Sensor de lluvia  
Neum√°ticos al 80%
ITV al d√≠a 
Para m√°s informaci√≥n llamen al 633528476 gracias un saludo 

Precio: 5,300 euros ",10,"{'id': 'ke653d8eekzo', 'micro_name': '', 'image': {'original': '', 'xsmall': '', 'small': '', 'large': '', 'medium': '', 'xlarge': '', 'original_width': 0, 'original_height': 0}, 'online': False, 'kind': 'normal'}","{'pending': False, 'sold': False, 'reserved': False, 'banned': False, 'expired': False, 'onhold': False}","{'bumped': True, 'highlighted': False, 'urgent': False, 'country_bumped': False, 'boosted': False}",EUR,False,Citroen,Berlingo,2015,Combi Mixto 1.6 HDi 90 Multispace 4p,320000.0,Gasoil,manual,90.0,2024-12-21T12:07:39.429+00:00,2025-01-20T12:00:08.503+00:00,False,https://es.wallapop.com/item/citroen-berlingo-multispace-1-6hdi-90-cv-1081514460,La Fortuna
nzx4n81gm7j2,PEUGEOT Combi Partner Tepee 1.2 PureTech 99 mil km,"          AUTOMOVILES RENUEVA TU AUTO 

CON 12 MESES DE GARANT√çA  INCLUIDA  
PEUGEOT Combi Partner Tepee 1.2 PureTech
Outdoor 110 CV del a√±o 2017 con 99 mil km 
Direcci√≥n asistida 
Elevalunas el√©ctricos 
Cierres centralizados con mando a distancia 
Retrovisores el√©ctricos 
Ordenador abordo 
Volante multifuncion 
Velocidad crucero 
Navegador GPS 
Radio CD original con entrada auxiliar bluetooth etc‚Ä¶
Aire climatizado bi-zona individual 
Sensor de luces 
Sensor de lluvia 
Sensor de aparcamiento y c√°mara trasera 
Doble puerta corredera 
Llantas de aleaci√≥n 
Neum√°ticos al 80%
ITV al d√≠a 
Para m√°s informaci√≥n llamen al 633528476 gracias y un saludo 

PRECIO: 9,500 euros ",10,"{'id': 'ke653d8eekzo', 'micro_name': '', 'image': {'original': '', 'xsmall': '', 'small': '', 'large': '', 'medium': '', 'xlarge': '', 'original_width': 0, 'original_height': 0}, 'online': False, 'kind': 'normal'}","{'pending': False, 'sold': False, 'reserved': False, 'banned': False, 'expired': False, 'onhold': False}","{'bumped': True, 'highlighted': False, 'urgent': False, 'country_bumped': False, 'boosted': False}",EUR,False,Peugeot,Partner,2017,Tepee 1.2 PureTech 110 Outdoor 5p S/S,99000.0,Gasoline,manual,110.0,2025-01-11T09:35:10.487+00:00,2025-01-20T12:00:08.534+00:00,False,https://es.wallapop.com/item/peugeot-combi-partner-tepee-1-2-puretech-99-mil-km-1088205378,La Fortuna
w6745xyp3w6x,Toyota C-HR 2018,"NACIONAL+KM CERTIFICADOS
LUCES XENON,,,SENSORES DE LLUVIA Y LUCES,,,GPS,,,USB Y BLUETOOH,,,CAMBIO AUTOMATICO,,,PEGATINA ECO
ESTAMOS EN TORRIJOS AVDA. DE TOLEDO, 27 
17900‚Ç¨ PRECIO FINANCIADO. 19900‚Ç¨ PRECIO CONTADO.
",13,"{'id': 'lqzm1elwnyzv', 'micro_name': '', 'image': {'original': '', 'xsmall': '', 'small': '', 'large': '', 'medium': '', 'xlarge': '', 'original_width': 0, 'original_height': 0}, 'online': False, 'kind': 'normal'}","{'pending': False, 'sold': False, 'reserved': False, 'banned': False, 'expired': False, 'onhold': False}","{'bumped': True, 'highlighted': False, 'urgent': False, 'country_bumped': False, 'boosted': False}",EUR,False,Toyota,C-HR,2018,Hybrid 1.8 HSD 122 Advance Plus+P. Luxury 5p S/S CVT,95999.0,Electric,automatic,122.0,2025-01-04T10:45:14.958+00:00,2025-01-20T12:00:08.576+00:00,False,https://es.wallapop.com/item/toyota-c-hr-2018-1085303276,Legan√©s
