id,user_id,title,description,category_id,price,images,reserved,location,shipping,favorited,bump,web_slug,created_at,modified_at,taxonomy,is_favoriteable,is_refurbished
0j24d30qqezy,qjwy7dk1wqzo,Fender Mod Shop Stratocaster USA 2017,"Está en excelente estado, tiene algunas pequeñas marcas en el cuerpo. Mira las fotos para más detalles.
¡Solo recogida en persona! Estoy en el centro de Madrid!
Cuerpo: Fresno
Color: Blanco translúcido
Acabado del cuerpo: Uretano brillante
Mástil: Arce
Acabado del mástil: Uretano satinado en la parte trasera
Perfil del mástil: Forma “C” moderna
Diapasón: Palo de rosa
Radio: 9.5
Número de trastes: 22
Tipo de trastes: Medium Jumbo
Pastillas del mástil: Noiseless Vintage Strat
Hardware: Dorado
Clavijeros: Deluxe cerrados con bloqueo
Puente: Trémolo sincronizado de dos puntos, con selletas vintage
Incluye stuche: Estuche moldeado Fender",12463,"{'amount': 1200, 'currency': 'EUR'}","[{'average_color': '13C1AC', 'urls': {'small': 'https://cdn.wallapop.com/images/10420/hs/z2/__/c10420p1076590883/i5284126772.jpg?pictureSize=W320', 'medium': 'https://cdn.wallapop.com/images/10420/hs/z2/__/c10420p1076590883/i5284126772.jpg?pictureSize=W640', 'big': 'https://cdn.wallapop.com/images/10420/hs/z2/__/c10420p1076590883/i5284126772.jpg?pictureSize=W800'}}, {'average_color': '13C1AC', 'urls': {'small': 'https://cdn.wallapop.com/images/10420/hs/z2/__/c10420p1076590883/i5284126866.jpg?pictureSize=W320', 'medium': 'https://cdn.wallapop.com/images/10420/hs/z2/__/c10420p1076590883/i5284126866.jpg?pictureSize=W640', 'big': 'https://cdn.wallapop.com/images/10420/hs/z2/__/c10420p1076590883/i5284126866.jpg?pictureSize=W800'}}, {'average_color': '13C1AC', 'urls': {'small': 'https://cdn.wallapop.com/images/10420/hs/z2/__/c10420p1076590883/i5284126889.jpg?pictureSize=W320', 'medium': 'https://cdn.wallapop.com/images/10420/hs/z2/__/c10420p1076590883/i5284126889.jpg?pictureSize=W640', 'big': 'https://cdn.wallapop.com/images/10420/hs/z2/__/c10420p1076590883/i5284126889.jpg?pictureSize=W800'}}, {'average_color': '13C1AC', 'urls': {'small': 'https://cdn.wallapop.com/images/10420/hs/z2/__/c10420p1076590883/i5284126911.jpg?pictureSize=W320', 'medium': 'https://cdn.wallapop.com/images/10420/hs/z2/__/c10420p1076590883/i5284126911.jpg?pictureSize=W640', 'big': 'https://cdn.wallapop.com/images/10420/hs/z2/__/c10420p1076590883/i5284126911.jpg?pictureSize=W800'}}, {'average_color': '13C1AC', 'urls': {'small': 'https://cdn.wallapop.com/images/10420/hs/z2/__/c10420p1076590883/i5284126950.jpg?pictureSize=W320', 'medium': 'https://cdn.wallapop.com/images/10420/hs/z2/__/c10420p1076590883/i5284126950.jpg?pictureSize=W640', 'big': 'https://cdn.wallapop.com/images/10420/hs/z2/__/c10420p1076590883/i5284126950.jpg?pictureSize=W800'}}, {'average_color': '13C1AC', 'urls': {'small': 'https://cdn.wallapop.com/images/10420/hs/z2/__/c10420p1076590883/i5284126970.jpg?pictureSize=W320', 'medium': 'https://cdn.wallapop.com/images/10420/hs/z2/__/c10420p1076590883/i5284126970.jpg?pictureSize=W640', 'big': 'https://cdn.wallapop.com/images/10420/hs/z2/__/c10420p1076590883/i5284126970.jpg?pictureSize=W800'}}, {'average_color': '13C1AC', 'urls': {'small': 'https://cdn.wallapop.com/images/10420/hs/z2/__/c10420p1076590883/i5284126995.jpg?pictureSize=W320', 'medium': 'https://cdn.wallapop.com/images/10420/hs/z2/__/c10420p1076590883/i5284126995.jpg?pictureSize=W640', 'big': 'https://cdn.wallapop.com/images/10420/hs/z2/__/c10420p1076590883/i5284126995.jpg?pictureSize=W800'}}, {'average_color': '13C1AC', 'urls': {'small': 'https://cdn.wallapop.com/images/10420/hs/z2/__/c10420p1076590883/i5284127010.jpg?pictureSize=W320', 'medium': 'https://cdn.wallapop.com/images/10420/hs/z2/__/c10420p1076590883/i5284127010.jpg?pictureSize=W640', 'big': 'https://cdn.wallapop.com/images/10420/hs/z2/__/c10420p1076590883/i5284127010.jpg?pictureSize=W800'}}, {'average_color': '13C1AC', 'urls': {'small': 'https://cdn.wallapop.com/images/10420/hs/z2/__/c10420p1076590883/i5284127027.jpg?pictureSize=W320', 'medium': 'https://cdn.wallapop.com/images/10420/hs/z2/__/c10420p1076590883/i5284127027.jpg?pictureSize=W640', 'big': 'https://cdn.wallapop.com/images/10420/hs/z2/__/c10420p1076590883/i5284127027.jpg?pictureSize=W800'}}, {'average_color': '13C1AC', 'urls': {'small': 'https://cdn.wallapop.com/images/10420/hs/z2/__/c10420p1076590883/i5284127045.jpg?pictureSize=W320', 'medium': 'https://cdn.wallapop.com/images/10420/hs/z2/__/c10420p1076590883/i5284127045.jpg?pictureSize=W640', 'big': 'https://cdn.wallapop.com/images/10420/hs/z2/__/c10420p1076590883/i5284127045.jpg?pictureSize=W800'}}]",{'flag': False},"{'latitude': 40.41818719432464, 'longitude': -3.701144478987465, 'postal_code': '28070', 'city': 'Madrid', 'region': 'Comunidad de Madrid', 'region2': 'Madrid', 'country_code': 'ES'}","{'item_is_shippable': True, 'user_allows_shipping': False, 'cost_configuration_id': '814429d6-7844-471d-97af-196cd4020f26'}",{'flag': False},{'type': 'city'},fender-mod-shop-stratocaster-usa-2017-1076590883,1733427806429,1737316957261,"[{'id': 12463, 'name': 'Movies, books & music', 'icon': 'bookshelf'}, {'id': 24001, 'name': 'Music', 'icon': None}, {'id': 10063, 'name': 'Musical Instruments', 'icon': None}, {'id': 10243, 'name': 'String instruments', 'icon': None}, {'id': 10242, 'name': 'Guitars', 'icon': None}]",{'flag': True},{'flag': False}
mzn2kly02gzn,9nz0nrxe0d6o,Obras escogidas. III Tomos. V. I. Lenin.,"Obras escogidas. III Tomos. V. I. Lenin.
Editorial Progreso. Moscú-1961. Impreso en Yugoslavia. Tapa dura en telade editorial ilustrada con sobrecubierta. I-919, II-851, III-879 pp. 22 x 15 cm. Sin subrayados ni anotaciones. Fotos de los ejemplares a la venta.",12463,"{'amount': 75, 'currency': 'EUR'}","[{'average_color': '13C1AC', 'urls': {'small': 'https://cdn.wallapop.com/images/10420/i2/1w/__/c10420p1091838649/i5363667454.jpg?pictureSize=W320', 'medium': 'https://cdn.wallapop.com/images/10420/i2/1w/__/c10420p1091838649/i5363667454.jpg?pictureSize=W640', 'big': 'https://cdn.wallapop.com/images/10420/i2/1w/__/c10420p1091838649/i5363667454.jpg?pictureSize=W800'}}, {'average_color': '13C1AC', 'urls': {'small': 'https://cdn.wallapop.com/images/10420/i2/1w/__/c10420p1091838649/i5363667464.jpg?pictureSize=W320', 'medium': 'https://cdn.wallapop.com/images/10420/i2/1w/__/c10420p1091838649/i5363667464.jpg?pictureSize=W640', 'big': 'https://cdn.wallapop.com/images/10420/i2/1w/__/c10420p1091838649/i5363667464.jpg?pictureSize=W800'}}, {'average_color': '13C1AC', 'urls': {'small': 'https://cdn.wallapop.com/images/10420/i2/1w/__/c10420p1091838649/i5363667478.jpg?pictureSize=W320', 'medium': 'https://cdn.wallapop.com/images/10420/i2/1w/__/c10420p1091838649/i5363667478.jpg?pictureSize=W640', 'big': 'https://cdn.wallapop.com/images/10420/i2/1w/__/c10420p1091838649/i5363667478.jpg?pictureSize=W800'}}, {'average_color': '13C1AC', 'urls': {'small': 'https://cdn.wallapop.com/images/10420/i2/1w/__/c10420p1091838649/i5363667500.jpg?pictureSize=W320', 'medium': 'https://cdn.wallapop.com/images/10420/i2/1w/__/c10420p1091838649/i5363667500.jpg?pictureSize=W640', 'big': 'https://cdn.wallapop.com/images/10420/i2/1w/__/c10420p1091838649/i5363667500.jpg?pictureSize=W800'}}]",{'flag': False},"{'latitude': 40.41156580977512, 'longitude': -3.694686669116859, 'postal_code': '28014', 'city': 'Madrid', 'region': 'Comunidad de Madrid', 'region2': 'Madrid', 'country_code': 'ES'}","{'item_is_shippable': True, 'user_allows_shipping': True, 'cost_configuration_id': '814429d6-7844-471d-97af-196cd4020f26'}",{'flag': False},{'type': 'none'},obras-escogidas-iii-tomos-v-i-lenin-1091838649,1737381732984,1737381868743,"[{'id': 12463, 'name': 'Movies, books & music', 'icon': 'bookshelf'}, {'id': 24003, 'name': 'Books, comics & magazines', 'icon': None}, {'id': 10064, 'name': 'Books', 'icon': None}, {'id': 10250, 'name': 'Non-fiction', 'icon': None}, {'id': 24089, 'name': 'Other (non-fiction)', 'icon': None}]",{'flag': True},{'flag': False}
v6ggx4q8r26e,mznl2pp84yjn,Plantas carnívoras de Charles Darwin,biblioteca Darwin de la Editorial Laetoli. Primera edición,12463,"{'amount': 22, 'currency': 'EUR'}","[{'average_color': '13C1AC', 'urls': {'small': 'https://cdn.wallapop.com/images/10420/i2/0a/__/c10420p1091763988/i5363287963.jpg?pictureSize=W320', 'medium': 'https://cdn.wallapop.com/images/10420/i2/0a/__/c10420p1091763988/i5363287963.jpg?pictureSize=W640', 'big': 'https://cdn.wallapop.com/images/10420/i2/0a/__/c10420p1091763988/i5363287963.jpg?pictureSize=W800'}}]",{'flag': False},"{'latitude': 40.41269103254393, 'longitude': -3.692762782126294, 'postal_code': '28014', 'city': 'Madrid', 'region': 'Comunidad de Madrid', 'region2': 'Madrid', 'country_code': 'ES'}","{'item_is_shippable': True, 'user_allows_shipping': True, 'cost_configuration_id': '814429d6-7844-471d-97af-196cd4020f26'}",{'flag': False},{'type': 'none'},plantas-carnivoras-de-charles-darwin-1091763988,1737369149298,1737372632777,"[{'id': 12463, 'name': 'Movies, books & music', 'icon': 'bookshelf'}, {'id': 24003, 'name': 'Books, comics & magazines', 'icon': None}, {'id': 10064, 'name': 'Books', 'icon': None}, {'id': 10250, 'name': 'Non-fiction', 'icon': None}, {'id': 24086, 'name': 'Science and nature', 'icon': None}]",{'flag': True},{'flag': False}
pzp2eyw3r5j3,w6735d5ry8jx,Cartel original película Átame,"Cartel original de la película Átame de Pedro Almodóvar, enmarcado y listo para colgar. (Las manchas blancas que aparecen en la foto son reflejos de luz)
",12463,"{'amount': 50, 'currency': 'EUR'}","[{'average_color': '13C1AC', 'urls': {'small': 'https://cdn.wallapop.com/images/10420/i1/r9/__/c10420p1091342698/i5361385835.jpg?pictureSize=W320', 'medium': 'https://cdn.wallapop.com/images/10420/i1/r9/__/c10420p1091342698/i5361385835.jpg?pictureSize=W640', 'big': 'https://cdn.wallapop.com/images/10420/i1/r9/__/c10420p1091342698/i5361385835.jpg?pictureSize=W800'}}]",{'flag': False},"{'latitude': 40.42236923081286, 'longitude': -3.6850404254184426, 'postal_code': '28014', 'city': 'Madrid', 'region': 'Comunidad de Madrid', 'region2': 'Madrid', 'country_code': 'ES'}","{'item_is_shippable': True, 'user_allows_shipping': True, 'cost_configuration_id': '814429d6-7844-471d-97af-196cd4020f26'}",{'flag': False},{'type': 'none'},cartel-original-pelicula-atame-1091342698,1737279670709,1737279756139,"[{'id': 12463, 'name': 'Movies, books & music', 'icon': 'bookshelf'}, {'id': 24002, 'name': 'Movies & series', 'icon': None}, {'id': 10068, 'name': 'Movie & TV posters & merchandising', 'icon': None}]",{'flag': True},{'flag': False}
3zl8rrwk846x,qjwy7dk1wqzo,Joan Cashimira M51 Guitarra Flamenca,"Joan Cashimira Modelo 51 Guitarra Flamenca
Incluye funda rígida Gator en perfecto estado.
Solo recoger en Madrid centro.
CARACTERISTICAS

Guitarra flamenca 
Tapa maciza de Abeto alemán
Aros y fondo laminados de Sicómoro
Roseta incrustada
Mango de Samanguila
Diapasón de Palosanto
Perfiles pintados
Cejilla y cejuela de Plástico
Incluye golpeador transparente",12463,"{'amount': 200, 'currency': 'EUR'}","[{'average_color': '13C1AC', 'urls': {'small': 'https://cdn.wallapop.com/images/10420/hv/3i/__/c10420p1080156793/i5305062296.jpg?pictureSize=W320', 'medium': 'https://cdn.wallapop.com/images/10420/hv/3i/__/c10420p1080156793/i5305062296.jpg?pictureSize=W640', 'big': 'https://cdn.wallapop.com/images/10420/hv/3i/__/c10420p1080156793/i5305062296.jpg?pictureSize=W800'}}, {'average_color': '13C1AC', 'urls': {'small': 'https://cdn.wallapop.com/images/10420/hv/3i/__/c10420p1080156793/i5305062351.jpg?pictureSize=W320', 'medium': 'https://cdn.wallapop.com/images/10420/hv/3i/__/c10420p1080156793/i5305062351.jpg?pictureSize=W640', 'big': 'https://cdn.wallapop.com/images/10420/hv/3i/__/c10420p1080156793/i5305062351.jpg?pictureSize=W800'}}, {'average_color': '13C1AC', 'urls': {'small': 'https://cdn.wallapop.com/images/10420/hv/3i/__/c10420p1080156793/i5305062374.jpg?pictureSize=W320', 'medium': 'https://cdn.wallapop.com/images/10420/hv/3i/__/c10420p1080156793/i5305062374.jpg?pictureSize=W640', 'big': 'https://cdn.wallapop.com/images/10420/hv/3i/__/c10420p1080156793/i5305062374.jpg?pictureSize=W800'}}, {'average_color': '13C1AC', 'urls': {'small': 'https://cdn.wallapop.com/images/10420/hv/3i/__/c10420p1080156793/i5305062391.jpg?pictureSize=W320', 'medium': 'https://cdn.wallapop.com/images/10420/hv/3i/__/c10420p1080156793/i5305062391.jpg?pictureSize=W640', 'big': 'https://cdn.wallapop.com/images/10420/hv/3i/__/c10420p1080156793/i5305062391.jpg?pictureSize=W800'}}, {'average_color': '13C1AC', 'urls': {'small': 'https://cdn.wallapop.com/images/10420/hv/3i/__/c10420p1080156793/i5305062414.jpg?pictureSize=W320', 'medium': 'https://cdn.wallapop.com/images/10420/hv/3i/__/c10420p1080156793/i5305062414.jpg?pictureSize=W640', 'big': 'https://cdn.wallapop.com/images/10420/hv/3i/__/c10420p1080156793/i5305062414.jpg?pictureSize=W800'}}, {'average_color': '13C1AC', 'urls': {'small': 'https://cdn.wallapop.com/images/10420/hv/3i/__/c10420p1080156793/i5305062434.jpg?pictureSize=W320', 'medium': 'https://cdn.wallapop.com/images/10420/hv/3i/__/c10420p1080156793/i5305062434.jpg?pictureSize=W640', 'big': 'https://cdn.wallapop.com/images/10420/hv/3i/__/c10420p1080156793/i5305062434.jpg?pictureSize=W800'}}, {'average_color': '13C1AC', 'urls': {'small': 'https://cdn.wallapop.com/images/10420/hv/3i/__/c10420p1080156793/i5305062458.jpg?pictureSize=W320', 'medium': 'https://cdn.wallapop.com/images/10420/hv/3i/__/c10420p1080156793/i5305062458.jpg?pictureSize=W640', 'big': 'https://cdn.wallapop.com/images/10420/hv/3i/__/c10420p1080156793/i5305062458.jpg?pictureSize=W800'}}, {'average_color': '13C1AC', 'urls': {'small': 'https://cdn.wallapop.com/images/10420/hv/3i/__/c10420p1080156793/i5305062484.jpg?pictureSize=W320', 'medium': 'https://cdn.wallapop.com/images/10420/hv/3i/__/c10420p1080156793/i5305062484.jpg?pictureSize=W640', 'big': 'https://cdn.wallapop.com/images/10420/hv/3i/__/c10420p1080156793/i5305062484.jpg?pictureSize=W800'}}, {'average_color': '13C1AC', 'urls': {'small': 'https://cdn.wallapop.com/images/10420/hv/3i/__/c10420p1080156793/i5305062518.jpg?pictureSize=W320', 'medium': 'https://cdn.wallapop.com/images/10420/hv/3i/__/c10420p1080156793/i5305062518.jpg?pictureSize=W640', 'big': 'https://cdn.wallapop.com/images/10420/hv/3i/__/c10420p1080156793/i5305062518.jpg?pictureSize=W800'}}, {'average_color': '13C1AC', 'urls': {'small': 'https://cdn.wallapop.com/images/10420/hv/3i/__/c10420p1080156793/i5305062533.jpg?pictureSize=W320', 'medium': 'https://cdn.wallapop.com/images/10420/hv/3i/__/c10420p1080156793/i5305062533.jpg?pictureSize=W640', 'big': 'https://cdn.wallapop.com/images/10420/hv/3i/__/c10420p1080156793/i5305062533.jpg?pictureSize=W800'}}]",{'flag': False},"{'latitude': 40.41818719432464, 'longitude': -3.701144478987465, 'postal_code': '28070', 'city': 'Madrid', 'region': 'Comunidad de Madrid', 'region2': 'Madrid', 'country_code': 'ES'}","{'item_is_shippable': True, 'user_allows_shipping': False, 'cost_configuration_id': '814429d6-7844-471d-97af-196cd4020f26'}",{'flag': False},{'type': 'city'},joan-cashimira-m51-guitarra-flamenca-1080156793,1734431237480,1737287772329,"[{'id': 12463, 'name': 'Movies, books & music', 'icon': 'bookshelf'}, {'id': 24001, 'name': 'Music', 'icon': None}, {'id': 10063, 'name': 'Musical Instruments', 'icon': None}, {'id': 10243, 'name': 'String instruments', 'icon': None}, {'id': 10242, 'name': 'Guitars', 'icon': None}]",{'flag': True},{'flag': False}
e6581ml3ok6o,36ewdy0m3y6d,"Harrison, Medicina Interna","2 Libros Harrison, Principios De Medicina Interna",12463,"{'amount': 40, 'currency': 'EUR'}","[{'average_color': '13C1AC', 'urls': {'small': 'https://cdn.wallapop.com/images/10420/i1/lj/__/c10420p1091075200/i5360082972.jpg?pictureSize=W320', 'medium': 'https://cdn.wallapop.com/images/10420/i1/lj/__/c10420p1091075200/i5360082972.jpg?pictureSize=W640', 'big': 'https://cdn.wallapop.com/images/10420/i1/lj/__/c10420p1091075200/i5360082972.jpg?pictureSize=W800'}}]",{'flag': False},"{'latitude': 40.4254108306677, 'longitude': -3.6977228377732243, 'postal_code': '28014', 'city': 'Madrid', 'region': 'Comunidad de Madrid', 'region2': 'Madrid', 'country_code': 'ES'}","{'item_is_shippable': True, 'user_allows_shipping': True}",{'flag': False},{'type': 'none'},harrison-medicina-interna-1091075200,1737207161003,1737207171226,"[{'id': 12463, 'name': 'Movies, books & music', 'icon': 'bookshelf'}, {'id': 24003, 'name': 'Books, comics & magazines', 'icon': None}, {'id': 10064, 'name': 'Books', 'icon': None}, {'id': 10250, 'name': 'Non-fiction', 'icon': None}, {'id': 24083, 'name': 'Professions and specialties', 'icon': None}]",{'flag': True},{'flag': False}
nzx4xdg33ej2,36ewdy0m3y6d,Libro De Medicina Interna,Libro De Medicina Interna,12463,"{'amount': 20, 'currency': 'EUR'}","[{'average_color': '13C1AC', 'urls': {'small': 'https://cdn.wallapop.com/images/10420/i1/lh/__/c10420p1091073006/i5360074245.jpg?pictureSize=W320', 'medium': 'https://cdn.wallapop.com/images/10420/i1/lh/__/c10420p1091073006/i5360074245.jpg?pictureSize=W640', 'big': 'https://cdn.wallapop.com/images/10420/i1/lh/__/c10420p1091073006/i5360074245.jpg?pictureSize=W800'}}]",{'flag': False},"{'latitude': 40.4254108306677, 'longitude': -3.6977228377732243, 'postal_code': '28014', 'city': 'Madrid', 'region': 'Comunidad de Madrid', 'region2': 'Madrid', 'country_code': 'ES'}","{'item_is_shippable': True, 'user_allows_shipping': True}",{'flag': False},{'type': 'none'},libro-de-medicina-interna-1091073006,1737206851064,1737206861238,"[{'id': 12463, 'name': 'Movies, books & music', 'icon': 'bookshelf'}, {'id': 24003, 'name': 'Books, comics & magazines', 'icon': None}, {'id': 10064, 'name': 'Books', 'icon': None}, {'id': 10250, 'name': 'Non-fiction', 'icon': None}, {'id': 24083, 'name': 'Professions and specialties', 'icon': None}]",{'flag': True},{'flag': False}
nz04p915p7jo,36ewdy0m3y6d, El Sistema Nervioso Central Humano,2 Libros El Sistema Nervioso Central Humano,12463,"{'amount': 60, 'currency': 'EUR'}","[{'average_color': '13C1AC', 'urls': {'small': 'https://cdn.wallapop.com/images/10420/i1/lg/__/c10420p1091071727/i5360068655.jpg?pictureSize=W320', 'medium': 'https://cdn.wallapop.com/images/10420/i1/lg/__/c10420p1091071727/i5360068655.jpg?pictureSize=W640', 'big': 'https://cdn.wallapop.com/images/10420/i1/lg/__/c10420p1091071727/i5360068655.jpg?pictureSize=W800'}}]",{'flag': False},"{'latitude': 40.4254108306677, 'longitude': -3.6977228377732243, 'postal_code': '28014', 'city': 'Madrid', 'region': 'Comunidad de Madrid', 'region2': 'Madrid', 'country_code': 'ES'}","{'item_is_shippable': True, 'user_allows_shipping': True}",{'flag': False},{'type': 'none'},el-sistema-nervioso-central-humano-1091071727,1737206640074,1737206650388,"[{'id': 12463, 'name': 'Movies, books & music', 'icon': 'bookshelf'}, {'id': 24003, 'name': 'Books, comics & magazines', 'icon': None}, {'id': 10064, 'name': 'Books', 'icon': None}, {'id': 10250, 'name': 'Non-fiction', 'icon': None}, {'id': 24083, 'name': 'Professions and specialties', 'icon': None}]",{'flag': True},{'flag': False}
wzy4pkwwypz5,qjwy7dk1wqzo,1976 Gibson Les Paul Custom - Natural ,"1976 Les Paul Custom - totalmente original...Excepto por el cableado personalizado estilo años 50 de Emerson-Incluye:Potenciómetros Emerson Condensadores Emerson Bumblebee de papel en aceite (1 de 0.022uf para el puente y 1 de 0.015uf para el mástil)Los potenciómetros y condensadores originales están incluidos, por si quieres devolverla a su configuración original.
Además, se le realizó un refreteado con trastes jumbo por JEC Luthier en Madrid: ¡toca como un sueño!
En buen estado, con algo de desgaste leve en la parte trasera y un desgaste natural muy atractivo en el hardware dorado. Tiene casi 50 años!Incluye un estuche no original",12463,"{'amount': 4500, 'currency': 'EUR'}","[{'average_color': '13C1AC', 'urls': {'small': 'https://cdn.wallapop.com/images/10420/i0/nc/__/c10420p1089479992/i5352109240.jpg?pictureSize=W320', 'medium': 'https://cdn.wallapop.com/images/10420/i0/nc/__/c10420p1089479992/i5352109240.jpg?pictureSize=W640', 'big': 'https://cdn.wallapop.com/images/10420/i0/nc/__/c10420p1089479992/i5352109240.jpg?pictureSize=W800'}}, {'average_color': '13C1AC', 'urls': {'small': 'https://cdn.wallapop.com/images/10420/i0/nc/__/c10420p1089479992/i5352109274.jpg?pictureSize=W320', 'medium': 'https://cdn.wallapop.com/images/10420/i0/nc/__/c10420p1089479992/i5352109274.jpg?pictureSize=W640', 'big': 'https://cdn.wallapop.com/images/10420/i0/nc/__/c10420p1089479992/i5352109274.jpg?pictureSize=W800'}}, {'average_color': '13C1AC', 'urls': {'small': 'https://cdn.wallapop.com/images/10420/i0/nc/__/c10420p1089479992/i5352109297.jpg?pictureSize=W320', 'medium': 'https://cdn.wallapop.com/images/10420/i0/nc/__/c10420p1089479992/i5352109297.jpg?pictureSize=W640', 'big': 'https://cdn.wallapop.com/images/10420/i0/nc/__/c10420p1089479992/i5352109297.jpg?pictureSize=W800'}}, {'average_color': '13C1AC', 'urls': {'small': 'https://cdn.wallapop.com/images/10420/i0/nc/__/c10420p1089479992/i5352109310.jpg?pictureSize=W320', 'medium': 'https://cdn.wallapop.com/images/10420/i0/nc/__/c10420p1089479992/i5352109310.jpg?pictureSize=W640', 'big': 'https://cdn.wallapop.com/images/10420/i0/nc/__/c10420p1089479992/i5352109310.jpg?pictureSize=W800'}}, {'average_color': '13C1AC', 'urls': {'small': 'https://cdn.wallapop.com/images/10420/i0/nc/__/c10420p1089479992/i5352109320.jpg?pictureSize=W320', 'medium': 'https://cdn.wallapop.com/images/10420/i0/nc/__/c10420p1089479992/i5352109320.jpg?pictureSize=W640', 'big': 'https://cdn.wallapop.com/images/10420/i0/nc/__/c10420p1089479992/i5352109320.jpg?pictureSize=W800'}}, {'average_color': '13C1AC', 'urls': {'small': 'https://cdn.wallapop.com/images/10420/i0/nc/__/c10420p1089479992/i5352109346.jpg?pictureSize=W320', 'medium': 'https://cdn.wallapop.com/images/10420/i0/nc/__/c10420p1089479992/i5352109346.jpg?pictureSize=W640', 'big': 'https://cdn.wallapop.com/images/10420/i0/nc/__/c10420p1089479992/i5352109346.jpg?pictureSize=W800'}}, {'average_color': '13C1AC', 'urls': {'small': 'https://cdn.wallapop.com/images/10420/i0/nc/__/c10420p1089479992/i5352109358.jpg?pictureSize=W320', 'medium': 'https://cdn.wallapop.com/images/10420/i0/nc/__/c10420p1089479992/i5352109358.jpg?pictureSize=W640', 'big': 'https://cdn.wallapop.com/images/10420/i0/nc/__/c10420p1089479992/i5352109358.jpg?pictureSize=W800'}}, {'average_color': '13C1AC', 'urls': {'small': 'https://cdn.wallapop.com/images/10420/i0/nc/__/c10420p1089479992/i5352109379.jpg?pictureSize=W320', 'medium': 'https://cdn.wallapop.com/images/10420/i0/nc/__/c10420p1089479992/i5352109379.jpg?pictureSize=W640', 'big': 'https://cdn.wallapop.com/images/10420/i0/nc/__/c10420p1089479992/i5352109379.jpg?pictureSize=W800'}}, {'average_color': '13C1AC', 'urls': {'small': 'https://cdn.wallapop.com/images/10420/i0/nc/__/c10420p1089479992/i5352109406.jpg?pictureSize=W320', 'medium': 'https://cdn.wallapop.com/images/10420/i0/nc/__/c10420p1089479992/i5352109406.jpg?pictureSize=W640', 'big': 'https://cdn.wallapop.com/images/10420/i0/nc/__/c10420p1089479992/i5352109406.jpg?pictureSize=W800'}}, {'average_color': '13C1AC', 'urls': {'small': 'https://cdn.wallapop.com/images/10420/i0/nc/__/c10420p1089479992/i5352109436.jpg?pictureSize=W320', 'medium': 'https://cdn.wallapop.com/images/10420/i0/nc/__/c10420p1089479992/i5352109436.jpg?pictureSize=W640', 'big': 'https://cdn.wallapop.com/images/10420/i0/nc/__/c10420p1089479992/i5352109436.jpg?pictureSize=W800'}}]",{'flag': False},"{'latitude': 40.41818719432464, 'longitude': -3.701144478987465, 'postal_code': '28070', 'city': 'Madrid', 'region': 'Comunidad de Madrid', 'region2': 'Madrid', 'country_code': 'ES'}","{'item_is_shippable': False, 'user_allows_shipping': False, 'cost_configuration_id': '814429d6-7844-471d-97af-196cd4020f26'}",{'flag': False},{'type': 'city'},1976-gibson-les-paul-custom-natural-1089479992,1736850537952,1736851088777,"[{'id': 12463, 'name': 'Movies, books & music', 'icon': 'bookshelf'}, {'id': 24001, 'name': 'Music', 'icon': None}, {'id': 10063, 'name': 'Musical Instruments', 'icon': None}, {'id': 10243, 'name': 'String instruments', 'icon': None}, {'id': 10242, 'name': 'Guitars', 'icon': None}]",{'flag': True},{'flag': False}
mzn2k47dekzn,36ewdy0m3y6d,Libro de Neurorradiologia,Libro de Neurorradiologia,12463,"{'amount': 20, 'currency': 'EUR'}","[{'average_color': '13C1AC', 'urls': {'small': 'https://cdn.wallapop.com/images/10420/i1/le/__/c10420p1091069825/i5360060604.jpg?pictureSize=W320', 'medium': 'https://cdn.wallapop.com/images/10420/i1/le/__/c10420p1091069825/i5360060604.jpg?pictureSize=W640', 'big': 'https://cdn.wallapop.com/images/10420/i1/le/__/c10420p1091069825/i5360060604.jpg?pictureSize=W800'}}]",{'flag': False},"{'latitude': 40.4254108306677, 'longitude': -3.6977228377732243, 'postal_code': '28014', 'city': 'Madrid', 'region': 'Comunidad de Madrid', 'region2': 'Madrid', 'country_code': 'ES'}","{'item_is_shippable': True, 'user_allows_shipping': True}",{'flag': False},{'type': 'none'},libro-de-neurorradiologia-1091069825,1737206329856,1737206340190,"[{'id': 12463, 'name': 'Movies, books & music', 'icon': 'bookshelf'}, {'id': 24003, 'name': 'Books, comics & magazines', 'icon': None}, {'id': 10064, 'name': 'Books', 'icon': None}, {'id': 10250, 'name': 'Non-fiction', 'icon': None}, {'id': 24083, 'name': 'Professions and specialties', 'icon': None}]",{'flag': True},{'flag': False}
w674o8np7w6x,36ewdy0m3y6d,Libro Fundamentos  De Neurologia,Libro Fundamentos De Neurologia,12463,"{'amount': 20, 'currency': 'EUR'}","[{'average_color': '13C1AC', 'urls': {'small': 'https://cdn.wallapop.com/images/10420/i1/ld/__/c10420p1091068052/i5360052966.jpg?pictureSize=W320', 'medium': 'https://cdn.wallapop.com/images/10420/i1/ld/__/c10420p1091068052/i5360052966.jpg?pictureSize=W640', 'big': 'https://cdn.wallapop.com/images/10420/i1/ld/__/c10420p1091068052/i5360052966.jpg?pictureSize=W800'}}]",{'flag': False},"{'latitude': 40.4254108306677, 'longitude': -3.6977228377732243, 'postal_code': '28014', 'city': 'Madrid', 'region': 'Comunidad de Madrid', 'region2': 'Madrid', 'country_code': 'ES'}","{'item_is_shippable': True, 'user_allows_shipping': True}",{'flag': False},{'type': 'none'},libro-fundamentos-de-neurologia-1091068052,1737206051963,1737206062605,"[{'id': 12463, 'name': 'Movies, books & music', 'icon': 'bookshelf'}, {'id': 24003, 'name': 'Books, comics & magazines', 'icon': None}, {'id': 10064, 'name': 'Books', 'icon': None}, {'id': 10250, 'name': 'Non-fiction', 'icon': None}, {'id': 24083, 'name': 'Professions and specialties', 'icon': None}]",{'flag': True},{'flag': False}
e6581mdekg6o,36ewdy0m3y6d,Libro Examen Neurologico,Libro Examen Neurologico,12463,"{'amount': 30, 'currency': 'EUR'}","[{'average_color': '13C1AC', 'urls': {'small': 'https://cdn.wallapop.com/images/10420/i1/lb/__/c10420p1091065924/i5360043963.jpg?pictureSize=W320', 'medium': 'https://cdn.wallapop.com/images/10420/i1/lb/__/c10420p1091065924/i5360043963.jpg?pictureSize=W640', 'big': 'https://cdn.wallapop.com/images/10420/i1/lb/__/c10420p1091065924/i5360043963.jpg?pictureSize=W800'}}]",{'flag': False},"{'latitude': 40.4254108306677, 'longitude': -3.6977228377732243, 'postal_code': '28014', 'city': 'Madrid', 'region': 'Comunidad de Madrid', 'region2': 'Madrid', 'country_code': 'ES'}","{'item_is_shippable': True, 'user_allows_shipping': True}",{'flag': False},{'type': 'none'},libro-examen-neurologico-1091065924,1737205720107,1737205730289,"[{'id': 12463, 'name': 'Movies, books & music', 'icon': 'bookshelf'}, {'id': 24003, 'name': 'Books, comics & magazines', 'icon': None}, {'id': 10064, 'name': 'Books', 'icon': None}, {'id': 10250, 'name': 'Non-fiction', 'icon': None}, {'id': 24083, 'name': 'Professions and specialties', 'icon': None}]",{'flag': True},{'flag': False}
nz04oknvwejo,qjwyq7dvv4zo,Teclado Yamaha ModX 7 ,"Teclado Yamaha ModX 7 de segunda mano. Comprado en abril de 2024 para una gira. En condiciones muy buenas, quiero venderlo para pillar una categoría mejor. Precio negociable. ",12463,"{'amount': 1100, 'currency': 'EUR'}","[{'average_color': '13C1AC', 'urls': {'small': 'https://cdn.wallapop.com/images/10420/i0/h8/__/c10420p1089194899/i5350794981.jpg?pictureSize=W320', 'medium': 'https://cdn.wallapop.com/images/10420/i0/h8/__/c10420p1089194899/i5350794981.jpg?pictureSize=W640', 'big': 'https://cdn.wallapop.com/images/10420/i0/h8/__/c10420p1089194899/i5350794981.jpg?pictureSize=W800'}}, {'average_color': '13C1AC', 'urls': {'small': 'https://cdn.wallapop.com/images/10420/i0/h8/__/c10420p1089194899/i5350795016.jpg?pictureSize=W320', 'medium': 'https://cdn.wallapop.com/images/10420/i0/h8/__/c10420p1089194899/i5350795016.jpg?pictureSize=W640', 'big': 'https://cdn.wallapop.com/images/10420/i0/h8/__/c10420p1089194899/i5350795016.jpg?pictureSize=W800'}}, {'average_color': '13C1AC', 'urls': {'small': 'https://cdn.wallapop.com/images/10420/i0/h8/__/c10420p1089194899/i5350795088.jpg?pictureSize=W320', 'medium': 'https://cdn.wallapop.com/images/10420/i0/h8/__/c10420p1089194899/i5350795088.jpg?pictureSize=W640', 'big': 'https://cdn.wallapop.com/images/10420/i0/h8/__/c10420p1089194899/i5350795088.jpg?pictureSize=W800'}}, {'average_color': '13C1AC', 'urls': {'small': 'https://cdn.wallapop.com/images/10420/i0/h8/__/c10420p1089194899/i5350795030.jpg?pictureSize=W320', 'medium': 'https://cdn.wallapop.com/images/10420/i0/h8/__/c10420p1089194899/i5350795030.jpg?pictureSize=W640', 'big': 'https://cdn.wallapop.com/images/10420/i0/h8/__/c10420p1089194899/i5350795030.jpg?pictureSize=W800'}}, {'average_color': '13C1AC', 'urls': {'small': 'https://cdn.wallapop.com/images/10420/i0/h8/__/c10420p1089194899/i5350795061.jpg?pictureSize=W320', 'medium': 'https://cdn.wallapop.com/images/10420/i0/h8/__/c10420p1089194899/i5350795061.jpg?pictureSize=W640', 'big': 'https://cdn.wallapop.com/images/10420/i0/h8/__/c10420p1089194899/i5350795061.jpg?pictureSize=W800'}}, {'average_color': '13C1AC', 'urls': {'small': 'https://cdn.wallapop.com/images/10420/i0/h8/__/c10420p1089194899/i5361750092.jpg?pictureSize=W320', 'medium': 'https://cdn.wallapop.com/images/10420/i0/h8/__/c10420p1089194899/i5361750092.jpg?pictureSize=W640', 'big': 'https://cdn.wallapop.com/images/10420/i0/h8/__/c10420p1089194899/i5361750092.jpg?pictureSize=W800'}}, {'average_color': '13C1AC', 'urls': {'small': 'https://cdn.wallapop.com/images/10420/i0/h8/__/c10420p1089194899/i5361750973.jpg?pictureSize=W320', 'medium': 'https://cdn.wallapop.com/images/10420/i0/h8/__/c10420p1089194899/i5361750973.jpg?pictureSize=W640', 'big': 'https://cdn.wallapop.com/images/10420/i0/h8/__/c10420p1089194899/i5361750973.jpg?pictureSize=W800'}}, {'average_color': '13C1AC', 'urls': {'small': 'https://cdn.wallapop.com/images/10420/i0/h8/__/c10420p1089194899/i5361750089.jpg?pictureSize=W320', 'medium': 'https://cdn.wallapop.com/images/10420/i0/h8/__/c10420p1089194899/i5361750089.jpg?pictureSize=W640', 'big': 'https://cdn.wallapop.com/images/10420/i0/h8/__/c10420p1089194899/i5361750089.jpg?pictureSize=W800'}}]",{'flag': False},"{'latitude': 40.4192127, 'longitude': -3.692517, 'postal_code': '28014', 'city': 'Madrid', 'region': 'Comunidad de Madrid', 'region2': 'Madrid', 'country_code': 'ES'}","{'item_is_shippable': True, 'user_allows_shipping': True}",{'flag': False},{'type': 'none'},teclado-yamaha-modx-7-1089194899,1736777355549,1737292394639,"[{'id': 12463, 'name': 'Movies, books & music', 'icon': 'bookshelf'}, {'id': 24001, 'name': 'Music', 'icon': None}, {'id': 10063, 'name': 'Musical Instruments', 'icon': None}, {'id': 10246, 'name': 'Pianos & keyboards', 'icon': None}, {'id': 24071, 'name': 'Keyboards', 'icon': None}]",{'flag': True},{'flag': False}
pzp2e8xw94j3,36ewdy0m3y6d,Tratado de Neurologia,Tratado de Neurologia,12463,"{'amount': 30, 'currency': 'EUR'}","[{'average_color': '13C1AC', 'urls': {'small': 'https://cdn.wallapop.com/images/10420/i1/la/__/c10420p1091064450/i5360037794.jpg?pictureSize=W320', 'medium': 'https://cdn.wallapop.com/images/10420/i1/la/__/c10420p1091064450/i5360037794.jpg?pictureSize=W640', 'big': 'https://cdn.wallapop.com/images/10420/i1/la/__/c10420p1091064450/i5360037794.jpg?pictureSize=W800'}}]",{'flag': False},"{'latitude': 40.4254108306677, 'longitude': -3.6977228377732243, 'postal_code': '28014', 'city': 'Madrid', 'region': 'Comunidad de Madrid', 'region2': 'Madrid', 'country_code': 'ES'}","{'item_is_shippable': True, 'user_allows_shipping': True}",{'flag': False},{'type': 'none'},tratado-de-neurologia-1091064450,1737205494922,1737205505114,"[{'id': 12463, 'name': 'Movies, books & music', 'icon': 'bookshelf'}, {'id': 24003, 'name': 'Books, comics & magazines', 'icon': None}, {'id': 10064, 'name': 'Books', 'icon': None}, {'id': 10250, 'name': 'Non-fiction', 'icon': None}, {'id': 24083, 'name': 'Professions and specialties', 'icon': None}]",{'flag': True},{'flag': False}
36e179m1wvjd,36ewdy0m3y6d,Temario Neurologia Opes,Temario Neurologia Opes,12463,"{'amount': 100, 'currency': 'EUR'}","[{'average_color': '13C1AC', 'urls': {'small': 'https://cdn.wallapop.com/images/10420/i1/l8/__/c10420p1091062139/i5360028158.jpg?pictureSize=W320', 'medium': 'https://cdn.wallapop.com/images/10420/i1/l8/__/c10420p1091062139/i5360028158.jpg?pictureSize=W640', 'big': 'https://cdn.wallapop.com/images/10420/i1/l8/__/c10420p1091062139/i5360028158.jpg?pictureSize=W800'}}]",{'flag': False},"{'latitude': 40.4254108306677, 'longitude': -3.6977228377732243, 'postal_code': '28014', 'city': 'Madrid', 'region': 'Comunidad de Madrid', 'region2': 'Madrid', 'country_code': 'ES'}","{'item_is_shippable': True, 'user_allows_shipping': True}",{'flag': False},{'type': 'none'},temario-neurologia-opes-1091062139,1737205141397,1737205151612,"[{'id': 12463, 'name': 'Movies, books & music', 'icon': 'bookshelf'}, {'id': 24003, 'name': 'Books, comics & magazines', 'icon': None}, {'id': 10064, 'name': 'Books', 'icon': None}, {'id': 10250, 'name': 'Non-fiction', 'icon': None}, {'id': 24083, 'name': 'Professions and specialties', 'icon': None}]",{'flag': True},{'flag': False}
e6581m9kgp6o,wzvyr3qnerzl,Mackie 1202 VLZ4,"Vendo mesa de mezclas Mackie 1202 VLZ4, impoluta, sin apenas uso, como nueva. Sin caja.

Mesa compacta, super flexible en cuanto a enrutamiento de señales, con un gran sonido. 

NO HAGO ENVÍOS. Entrega en mano únicamente en Madrid capital.
PRECIO NO NEGOCIABLE. Está nueva, sin apenas uso (siempre en casa) y ya va super rebajada.

#vlz4 #yamaha #allen&heath #xone #presonus #tascam #dynacord",12463,"{'amount': 200, 'currency': 'EUR'}","[{'average_color': '13C1AC', 'urls': {'small': 'https://cdn.wallapop.com/images/10420/i1/k7/__/c10420p1091013224/i5359809484.jpg?pictureSize=W320', 'medium': 'https://cdn.wallapop.com/images/10420/i1/k7/__/c10420p1091013224/i5359809484.jpg?pictureSize=W640', 'big': 'https://cdn.wallapop.com/images/10420/i1/k7/__/c10420p1091013224/i5359809484.jpg?pictureSize=W800'}}, {'average_color': '13C1AC', 'urls': {'small': 'https://cdn.wallapop.com/images/10420/i1/k7/__/c10420p1091013224/i5359809497.jpg?pictureSize=W320', 'medium': 'https://cdn.wallapop.com/images/10420/i1/k7/__/c10420p1091013224/i5359809497.jpg?pictureSize=W640', 'big': 'https://cdn.wallapop.com/images/10420/i1/k7/__/c10420p1091013224/i5359809497.jpg?pictureSize=W800'}}, {'average_color': '13C1AC', 'urls': {'small': 'https://cdn.wallapop.com/images/10420/i1/k7/__/c10420p1091013224/i5359809501.jpg?pictureSize=W320', 'medium': 'https://cdn.wallapop.com/images/10420/i1/k7/__/c10420p1091013224/i5359809501.jpg?pictureSize=W640', 'big': 'https://cdn.wallapop.com/images/10420/i1/k7/__/c10420p1091013224/i5359809501.jpg?pictureSize=W800'}}, {'average_color': '13C1AC', 'urls': {'small': 'https://cdn.wallapop.com/images/10420/i1/k7/__/c10420p1091013224/i5359809499.jpg?pictureSize=W320', 'medium': 'https://cdn.wallapop.com/images/10420/i1/k7/__/c10420p1091013224/i5359809499.jpg?pictureSize=W640', 'big': 'https://cdn.wallapop.com/images/10420/i1/k7/__/c10420p1091013224/i5359809499.jpg?pictureSize=W800'}}, {'average_color': '13C1AC', 'urls': {'small': 'https://cdn.wallapop.com/images/10420/i1/k7/__/c10420p1091013224/i5359809500.jpg?pictureSize=W320', 'medium': 'https://cdn.wallapop.com/images/10420/i1/k7/__/c10420p1091013224/i5359809500.jpg?pictureSize=W640', 'big': 'https://cdn.wallapop.com/images/10420/i1/k7/__/c10420p1091013224/i5359809500.jpg?pictureSize=W800'}}]",{'flag': False},"{'latitude': 40.42562157716627, 'longitude': -3.697791060575715, 'postal_code': '28014', 'city': 'Madrid', 'region': 'Comunidad de Madrid', 'region2': 'Madrid', 'country_code': 'ES'}","{'item_is_shippable': True, 'user_allows_shipping': False}",{'flag': False},{'type': 'none'},mackie-1202-vlz4-1091013224,1737197258621,1737197269009,"[{'id': 12463, 'name': 'Movies, books & music', 'icon': 'bookshelf'}, {'id': 24001, 'name': 'Music', 'icon': None}, {'id': 10062, 'name': 'Professional sound system', 'icon': None}, {'id': 10239, 'name': 'DJ Mixers', 'icon': None}]",{'flag': True},{'flag': False}
mzn21p23nkzn,qjwy7dk1wqzo,tc electronic Ditto + Looper pedal ,"¡Como nuevo!
Solo recogida en persona; estoy en el centro de Madrid.
El TC Electronic Ditto + es un pedal looper que ofrece hasta 60 minutos de grabación, overdubs ilimitados y circuito bypass para mantener la integridad del sonido sin perdidas de tono.
60 minutos de grabación
99 Loops
Overdubs ilimitados
Funciones de deshacer y rehacer
True Bypass
Interface extremadamente intuitiva.
Diseñado por guitarristas para guitarristas
Gran calidad de sonido
24 bits sin compresión
No funciona con pilas.",12463,"{'amount': 75, 'currency': 'EUR'}","[{'average_color': '13C1AC', 'urls': {'small': 'https://cdn.wallapop.com/images/10420/hy/yg/__/c10420p1086639449/i5340113971.jpg?pictureSize=W320', 'medium': 'https://cdn.wallapop.com/images/10420/hy/yg/__/c10420p1086639449/i5340113971.jpg?pictureSize=W640', 'big': 'https://cdn.wallapop.com/images/10420/hy/yg/__/c10420p1086639449/i5340113971.jpg?pictureSize=W800'}}, {'average_color': '13C1AC', 'urls': {'small': 'https://cdn.wallapop.com/images/10420/hy/yg/__/c10420p1086639449/i5340114143.jpg?pictureSize=W320', 'medium': 'https://cdn.wallapop.com/images/10420/hy/yg/__/c10420p1086639449/i5340114143.jpg?pictureSize=W640', 'big': 'https://cdn.wallapop.com/images/10420/hy/yg/__/c10420p1086639449/i5340114143.jpg?pictureSize=W800'}}, {'average_color': '13C1AC', 'urls': {'small': 'https://cdn.wallapop.com/images/10420/hy/yg/__/c10420p1086639449/i5340114207.jpg?pictureSize=W320', 'medium': 'https://cdn.wallapop.com/images/10420/hy/yg/__/c10420p1086639449/i5340114207.jpg?pictureSize=W640', 'big': 'https://cdn.wallapop.com/images/10420/hy/yg/__/c10420p1086639449/i5340114207.jpg?pictureSize=W800'}}, {'average_color': '13C1AC', 'urls': {'small': 'https://cdn.wallapop.com/images/10420/hy/yg/__/c10420p1086639449/i5340114260.jpg?pictureSize=W320', 'medium': 'https://cdn.wallapop.com/images/10420/hy/yg/__/c10420p1086639449/i5340114260.jpg?pictureSize=W640', 'big': 'https://cdn.wallapop.com/images/10420/hy/yg/__/c10420p1086639449/i5340114260.jpg?pictureSize=W800'}}, {'average_color': '13C1AC', 'urls': {'small': 'https://cdn.wallapop.com/images/10420/hy/yg/__/c10420p1086639449/i5340114319.jpg?pictureSize=W320', 'medium': 'https://cdn.wallapop.com/images/10420/hy/yg/__/c10420p1086639449/i5340114319.jpg?pictureSize=W640', 'big': 'https://cdn.wallapop.com/images/10420/hy/yg/__/c10420p1086639449/i5340114319.jpg?pictureSize=W800'}}, {'average_color': '13C1AC', 'urls': {'small': 'https://cdn.wallapop.com/images/10420/hy/yg/__/c10420p1086639449/i5340114386.jpg?pictureSize=W320', 'medium': 'https://cdn.wallapop.com/images/10420/hy/yg/__/c10420p1086639449/i5340114386.jpg?pictureSize=W640', 'big': 'https://cdn.wallapop.com/images/10420/hy/yg/__/c10420p1086639449/i5340114386.jpg?pictureSize=W800'}}]",{'flag': False},"{'latitude': 40.41818719432464, 'longitude': -3.701144478987465, 'postal_code': '28070', 'city': 'Madrid', 'region': 'Comunidad de Madrid', 'region2': 'Madrid', 'country_code': 'ES'}","{'item_is_shippable': True, 'user_allows_shipping': False, 'cost_configuration_id': '814429d6-7844-471d-97af-196cd4020f26'}",{'flag': False},{'type': 'none'},tc-electronic-ditto---looper-pedal-1086639449,1736332682771,1736846070629,"[{'id': 12463, 'name': 'Movies, books & music', 'icon': 'bookshelf'}, {'id': 24001, 'name': 'Music', 'icon': None}, {'id': 10063, 'name': 'Musical Instruments', 'icon': None}, {'id': 10243, 'name': 'String instruments', 'icon': None}, {'id': 10242, 'name': 'Guitars', 'icon': None}]",{'flag': True},{'flag': False}
v6ggxme2756e,mznl2pp84yjn,Paper Girls The complete story,Libro en inglés,12463,"{'amount': 25, 'currency': 'EUR'}","[{'average_color': '13C1AC', 'urls': {'small': 'https://cdn.wallapop.com/images/10420/i1/k1/__/c10420p1091006416/i5359780545.jpg?pictureSize=W320', 'medium': 'https://cdn.wallapop.com/images/10420/i1/k1/__/c10420p1091006416/i5359780545.jpg?pictureSize=W640', 'big': 'https://cdn.wallapop.com/images/10420/i1/k1/__/c10420p1091006416/i5359780545.jpg?pictureSize=W800'}}]",{'flag': False},"{'latitude': 40.41269103254393, 'longitude': -3.692762782126294, 'postal_code': '28014', 'city': 'Madrid', 'region': 'Comunidad de Madrid', 'region2': 'Madrid', 'country_code': 'ES'}","{'item_is_shippable': True, 'user_allows_shipping': True, 'cost_configuration_id': '814429d6-7844-471d-97af-196cd4020f26'}",{'flag': False},{'type': 'none'},paper-girls-the-complete-story-1091006416,1737196044770,1737216175801,"[{'id': 12463, 'name': 'Movies, books & music', 'icon': 'bookshelf'}, {'id': 24003, 'name': 'Books, comics & magazines', 'icon': None}, {'id': 10061, 'name': 'Comics and graphic novels', 'icon': None}, {'id': 24037, 'name': 'American comics', 'icon': None}]",{'flag': True},{'flag': False}
ejk8711drpjx,wzvyr3qnerzl,Korg Volca Drum + KA350,"Vendo caja de ritmos digital Korg Volca Drum, impoluta, sin uso apenas, como nueva.

Incluyo fuente de alimentación original Korg KA350. 

Con su caja, pilas, cable, documentación, etc, todo impecable.

NO HAGO ENVÍOS. Entrega en mano en Madrid capital únicamente. 
PRECIO NO NEGOCIABLE. Está impoluta, como nueva y ya super rebajada. 

#volca #novation #arturia",12463,"{'amount': 90, 'currency': 'EUR'}","[{'average_color': '13C1AC', 'urls': {'small': 'https://cdn.wallapop.com/images/10420/i1/h5/__/c10420p1090871695/i5359136758.jpg?pictureSize=W320', 'medium': 'https://cdn.wallapop.com/images/10420/i1/h5/__/c10420p1090871695/i5359136758.jpg?pictureSize=W640', 'big': 'https://cdn.wallapop.com/images/10420/i1/h5/__/c10420p1090871695/i5359136758.jpg?pictureSize=W800'}}, {'average_color': '13C1AC', 'urls': {'small': 'https://cdn.wallapop.com/images/10420/i1/h5/__/c10420p1090871695/i5359136769.jpg?pictureSize=W320', 'medium': 'https://cdn.wallapop.com/images/10420/i1/h5/__/c10420p1090871695/i5359136769.jpg?pictureSize=W640', 'big': 'https://cdn.wallapop.com/images/10420/i1/h5/__/c10420p1090871695/i5359136769.jpg?pictureSize=W800'}}, {'average_color': '13C1AC', 'urls': {'small': 'https://cdn.wallapop.com/images/10420/i1/h5/__/c10420p1090871695/i5359136768.jpg?pictureSize=W320', 'medium': 'https://cdn.wallapop.com/images/10420/i1/h5/__/c10420p1090871695/i5359136768.jpg?pictureSize=W640', 'big': 'https://cdn.wallapop.com/images/10420/i1/h5/__/c10420p1090871695/i5359136768.jpg?pictureSize=W800'}}, {'average_color': '13C1AC', 'urls': {'small': 'https://cdn.wallapop.com/images/10420/i1/h5/__/c10420p1090871695/i5359136766.jpg?pictureSize=W320', 'medium': 'https://cdn.wallapop.com/images/10420/i1/h5/__/c10420p1090871695/i5359136766.jpg?pictureSize=W640', 'big': 'https://cdn.wallapop.com/images/10420/i1/h5/__/c10420p1090871695/i5359136766.jpg?pictureSize=W800'}}]",{'flag': False},"{'latitude': 40.42562157716627, 'longitude': -3.697791060575715, 'postal_code': '28014', 'city': 'Madrid', 'region': 'Comunidad de Madrid', 'region2': 'Madrid', 'country_code': 'ES'}","{'item_is_shippable': True, 'user_allows_shipping': False}",{'flag': False},{'type': 'none'},korg-volca-drum---ka350-1090871695,1737147087962,1737147098333,"[{'id': 12463, 'name': 'Movies, books & music', 'icon': 'bookshelf'}, {'id': 24001, 'name': 'Music', 'icon': None}, {'id': 10063, 'name': 'Musical Instruments', 'icon': None}, {'id': 10246, 'name': 'Pianos & keyboards', 'icon': None}, {'id': 24072, 'name': 'Other pianos and keyboards', 'icon': None}]",{'flag': True},{'flag': False}
36e14qvg3qjd,w673qmq2nwjx,Análisis de Balances y Estados Complementarios (Economia y empresa/ Economics and Business) (Spanish Edition),"2a edición,  como nuevo,  sin subrayar. Si has encontrado este libro, no hace falta que te explique nada ;)",12463,"{'amount': 25, 'currency': 'EUR'}","[{'average_color': '13C1AC', 'urls': {'small': 'https://cdn.wallapop.com/images/10420/i1/dn/__/c10420p1090707239/i5358544569.jpg?pictureSize=W320', 'medium': 'https://cdn.wallapop.com/images/10420/i1/dn/__/c10420p1090707239/i5358544569.jpg?pictureSize=W640', 'big': 'https://cdn.wallapop.com/images/10420/i1/dn/__/c10420p1090707239/i5358544569.jpg?pictureSize=W800'}}, {'average_color': '13C1AC', 'urls': {'small': 'https://cdn.wallapop.com/images/10420/i1/dn/__/c10420p1090707239/i5358544617.jpg?pictureSize=W320', 'medium': 'https://cdn.wallapop.com/images/10420/i1/dn/__/c10420p1090707239/i5358544617.jpg?pictureSize=W640', 'big': 'https://cdn.wallapop.com/images/10420/i1/dn/__/c10420p1090707239/i5358544617.jpg?pictureSize=W800'}}]",{'flag': False},"{'latitude': 40.42034843543907, 'longitude': -3.699981356803478, 'postal_code': '28014', 'city': 'Madrid', 'region': 'Comunidad de Madrid', 'region2': 'Madrid', 'country_code': 'ES'}","{'item_is_shippable': True, 'user_allows_shipping': True, 'cost_configuration_id': '814429d6-7844-471d-97af-196cd4020f26'}",{'flag': False},{'type': 'none'},analisis-de-balances-y-estados-complementarios-economia-y-empresa-economics-and-business-spanish-edition-1090707239,1737125676269,1737368710874,"[{'id': 12463, 'name': 'Movies, books & music', 'icon': 'bookshelf'}, {'id': 24003, 'name': 'Books, comics & magazines', 'icon': None}, {'id': 10064, 'name': 'Books', 'icon': None}, {'id': 10250, 'name': 'Non-fiction', 'icon': None}, {'id': 24075, 'name': 'Business & Economics', 'icon': None}]",{'flag': True},{'flag': False}
p614223y1x65,qjwy7dk1wqzo,Big Ear Loaf Silicon Fuzz Made In USA,"Aunque la mayoría de los pedales de fuzz son acusados de robar tu rango de graves, el LOAF hará todo lo contrario y recortará las frecuencias agudas ásperas, frágiles y “zumbantes” que suelen asociarse con otros pedales.
El diseño simple de tres perillas te permite encontrar fácilmente la configuración perfecta para cualquier guitarra.
Usado, pero en excelente/condición de menta,
Con su caja original. 100€
Solo recogida en persona (Estoy en el centro de Madrid).",12463,"{'amount': 85, 'currency': 'EUR'}","[{'average_color': '13C1AC', 'urls': {'small': 'https://cdn.wallapop.com/images/10420/hv/3g/__/c10420p1080154679/i5305054182.jpg?pictureSize=W320', 'medium': 'https://cdn.wallapop.com/images/10420/hv/3g/__/c10420p1080154679/i5305054182.jpg?pictureSize=W640', 'big': 'https://cdn.wallapop.com/images/10420/hv/3g/__/c10420p1080154679/i5305054182.jpg?pictureSize=W800'}}, {'average_color': '13C1AC', 'urls': {'small': 'https://cdn.wallapop.com/images/10420/hv/3g/__/c10420p1080154679/i5305054319.jpg?pictureSize=W320', 'medium': 'https://cdn.wallapop.com/images/10420/hv/3g/__/c10420p1080154679/i5305054319.jpg?pictureSize=W640', 'big': 'https://cdn.wallapop.com/images/10420/hv/3g/__/c10420p1080154679/i5305054319.jpg?pictureSize=W800'}}, {'average_color': '13C1AC', 'urls': {'small': 'https://cdn.wallapop.com/images/10420/hv/3g/__/c10420p1080154679/i5305054346.jpg?pictureSize=W320', 'medium': 'https://cdn.wallapop.com/images/10420/hv/3g/__/c10420p1080154679/i5305054346.jpg?pictureSize=W640', 'big': 'https://cdn.wallapop.com/images/10420/hv/3g/__/c10420p1080154679/i5305054346.jpg?pictureSize=W800'}}, {'average_color': '13C1AC', 'urls': {'small': 'https://cdn.wallapop.com/images/10420/hv/3g/__/c10420p1080154679/i5305054379.jpg?pictureSize=W320', 'medium': 'https://cdn.wallapop.com/images/10420/hv/3g/__/c10420p1080154679/i5305054379.jpg?pictureSize=W640', 'big': 'https://cdn.wallapop.com/images/10420/hv/3g/__/c10420p1080154679/i5305054379.jpg?pictureSize=W800'}}, {'average_color': '13C1AC', 'urls': {'small': 'https://cdn.wallapop.com/images/10420/hv/3g/__/c10420p1080154679/i5305054402.jpg?pictureSize=W320', 'medium': 'https://cdn.wallapop.com/images/10420/hv/3g/__/c10420p1080154679/i5305054402.jpg?pictureSize=W640', 'big': 'https://cdn.wallapop.com/images/10420/hv/3g/__/c10420p1080154679/i5305054402.jpg?pictureSize=W800'}}]",{'flag': False},"{'latitude': 40.41818719432464, 'longitude': -3.701144478987465, 'postal_code': '28070', 'city': 'Madrid', 'region': 'Comunidad de Madrid', 'region2': 'Madrid', 'country_code': 'ES'}","{'item_is_shippable': True, 'user_allows_shipping': False, 'cost_configuration_id': '814429d6-7844-471d-97af-196cd4020f26'}",{'flag': False},{'type': 'none'},big-ear-loaf-silicon-fuzz-made-in-usa-1080154679,1734430886815,1736768633904,"[{'id': 12463, 'name': 'Movies, books & music', 'icon': 'bookshelf'}, {'id': 24001, 'name': 'Music', 'icon': None}, {'id': 10063, 'name': 'Musical Instruments', 'icon': None}, {'id': 10243, 'name': 'String instruments', 'icon': None}, {'id': 10242, 'name': 'Guitars', 'icon': None}]",{'flag': True},{'flag': False}
nz04o788qrjo,nzx5425wg162,Cine de Los 90 (Spanish Edition),CINE DE LOS 90 DE TASCHEN. VOLUMEN CON LO MEJOR DE UNA DECADA CINEMATOGRÁFICA INOLVIDABLE. TIENE EVIDENTES SIGNOS DE DESGASTE COMO SE APRECIA EN LAS FOTOS.,12463,"{'amount': 18, 'currency': 'EUR'}","[{'average_color': '13C1AC', 'urls': {'small': 'https://cdn.wallapop.com/images/10420/i1/c3/__/c10420p1090634599/i5358199050.jpg?pictureSize=W320', 'medium': 'https://cdn.wallapop.com/images/10420/i1/c3/__/c10420p1090634599/i5358199050.jpg?pictureSize=W640', 'big': 'https://cdn.wallapop.com/images/10420/i1/c3/__/c10420p1090634599/i5358199050.jpg?pictureSize=W800'}}, {'average_color': '13C1AC', 'urls': {'small': 'https://cdn.wallapop.com/images/10420/i1/c3/__/c10420p1090634599/i5358199079.jpg?pictureSize=W320', 'medium': 'https://cdn.wallapop.com/images/10420/i1/c3/__/c10420p1090634599/i5358199079.jpg?pictureSize=W640', 'big': 'https://cdn.wallapop.com/images/10420/i1/c3/__/c10420p1090634599/i5358199079.jpg?pictureSize=W800'}}, {'average_color': '13C1AC', 'urls': {'small': 'https://cdn.wallapop.com/images/10420/i1/c3/__/c10420p1090634599/i5358199082.jpg?pictureSize=W320', 'medium': 'https://cdn.wallapop.com/images/10420/i1/c3/__/c10420p1090634599/i5358199082.jpg?pictureSize=W640', 'big': 'https://cdn.wallapop.com/images/10420/i1/c3/__/c10420p1090634599/i5358199082.jpg?pictureSize=W800'}}, {'average_color': '13C1AC', 'urls': {'small': 'https://cdn.wallapop.com/images/10420/i1/c3/__/c10420p1090634599/i5358199081.jpg?pictureSize=W320', 'medium': 'https://cdn.wallapop.com/images/10420/i1/c3/__/c10420p1090634599/i5358199081.jpg?pictureSize=W640', 'big': 'https://cdn.wallapop.com/images/10420/i1/c3/__/c10420p1090634599/i5358199081.jpg?pictureSize=W800'}}]",{'flag': True},"{'latitude': 40.41562638175404, 'longitude': -3.691947889822383, 'postal_code': '28014', 'city': 'Madrid', 'region': 'Comunidad de Madrid', 'region2': 'Madrid', 'country_code': 'ES'}","{'item_is_shippable': True, 'user_allows_shipping': True, 'cost_configuration_id': '814429d6-7844-471d-97af-196cd4020f26'}",{'flag': False},{'type': 'none'},cine-de-los-90-spanish-edition-1090634599,1737111069180,1737281794931,"[{'id': 12463, 'name': 'Movies, books & music', 'icon': 'bookshelf'}, {'id': 24003, 'name': 'Books, comics & magazines', 'icon': None}, {'id': 10069, 'name': 'Magazines', 'icon': None}, {'id': 24018, 'name': 'Cinema and television', 'icon': None}]",{'flag': True},{'flag': False}
e658k4yvnp6o,9nz0nrxe0d6o,Fierro. Francisco Narla.,"Fierro. Francisco Narla.
Editorial Edhasa. Barccelona, 2019. Tapa dura con sobrecubierta. 378 páginas. ""Lo llamaban Fierro. Y era mentira. La verdad era su pasado y el pasado, una condena que prefería olvidar. No tenía nada, ni siquiera futuro. Por eso vivía en la frontera, un pedazo incierto de tierra olvidado por todos, un lugar maldito donde moros y cristianos sembraban muerte a su antojo.""",12463,"{'amount': 14, 'currency': 'EUR'}","[{'average_color': '13C1AC', 'urls': {'small': 'https://cdn.wallapop.com/images/10420/i1/au/__/c10420p1090576400/i5357905579.jpg?pictureSize=W320', 'medium': 'https://cdn.wallapop.com/images/10420/i1/au/__/c10420p1090576400/i5357905579.jpg?pictureSize=W640', 'big': 'https://cdn.wallapop.com/images/10420/i1/au/__/c10420p1090576400/i5357905579.jpg?pictureSize=W800'}}, {'average_color': '13C1AC', 'urls': {'small': 'https://cdn.wallapop.com/images/10420/i1/au/__/c10420p1090576400/i5357905590.jpg?pictureSize=W320', 'medium': 'https://cdn.wallapop.com/images/10420/i1/au/__/c10420p1090576400/i5357905590.jpg?pictureSize=W640', 'big': 'https://cdn.wallapop.com/images/10420/i1/au/__/c10420p1090576400/i5357905590.jpg?pictureSize=W800'}}, {'average_color': '13C1AC', 'urls': {'small': 'https://cdn.wallapop.com/images/10420/i1/au/__/c10420p1090576400/i5357905598.jpg?pictureSize=W320', 'medium': 'https://cdn.wallapop.com/images/10420/i1/au/__/c10420p1090576400/i5357905598.jpg?pictureSize=W640', 'big': 'https://cdn.wallapop.com/images/10420/i1/au/__/c10420p1090576400/i5357905598.jpg?pictureSize=W800'}}, {'average_color': '13C1AC', 'urls': {'small': 'https://cdn.wallapop.com/images/10420/i1/au/__/c10420p1090576400/i5357905603.jpg?pictureSize=W320', 'medium': 'https://cdn.wallapop.com/images/10420/i1/au/__/c10420p1090576400/i5357905603.jpg?pictureSize=W640', 'big': 'https://cdn.wallapop.com/images/10420/i1/au/__/c10420p1090576400/i5357905603.jpg?pictureSize=W800'}}]",{'flag': False},"{'latitude': 40.41156580977512, 'longitude': -3.694686669116859, 'postal_code': '28014', 'city': 'Madrid', 'region': 'Comunidad de Madrid', 'region2': 'Madrid', 'country_code': 'ES'}","{'item_is_shippable': True, 'user_allows_shipping': True, 'cost_configuration_id': '814429d6-7844-471d-97af-196cd4020f26'}",{'flag': False},{'type': 'none'},fierro-francisco-narla-1090576400,1737099757525,1737099832829,"[{'id': 12463, 'name': 'Movies, books & music', 'icon': 'bookshelf'}, {'id': 24003, 'name': 'Books, comics & magazines', 'icon': None}, {'id': 10064, 'name': 'Books', 'icon': None}, {'id': 10251, 'name': 'Fiction', 'icon': None}, {'id': 24091, 'name': 'Contemporary novels', 'icon': None}]",{'flag': True},{'flag': False}
ejk87g08yqjx,k3zl0x3peqzx,Cuentos completos Muapassant,Cuentos completos Maupassant,12463,"{'amount': 68, 'currency': 'EUR'}","[{'average_color': '13C1AC', 'urls': {'small': 'https://cdn.wallapop.com/images/10420/i1/7b/__/c10420p1090412823/i5357288669.jpg?pictureSize=W320', 'medium': 'https://cdn.wallapop.com/images/10420/i1/7b/__/c10420p1090412823/i5357288669.jpg?pictureSize=W640', 'big': 'https://cdn.wallapop.com/images/10420/i1/7b/__/c10420p1090412823/i5357288669.jpg?pictureSize=W800'}}, {'average_color': '13C1AC', 'urls': {'small': 'https://cdn.wallapop.com/images/10420/i1/7b/__/c10420p1090412823/i5357289318.jpg?pictureSize=W320', 'medium': 'https://cdn.wallapop.com/images/10420/i1/7b/__/c10420p1090412823/i5357289318.jpg?pictureSize=W640', 'big': 'https://cdn.wallapop.com/images/10420/i1/7b/__/c10420p1090412823/i5357289318.jpg?pictureSize=W800'}}]",{'flag': False},"{'latitude': 40.421770770076265, 'longitude': -3.6916356146577667, 'postal_code': '28014', 'city': 'Madrid', 'region': 'Comunidad de Madrid', 'region2': 'Madrid', 'country_code': 'ES'}","{'item_is_shippable': True, 'user_allows_shipping': True}",{'flag': False},{'type': 'none'},cuentos-completos-muapassant-1090412823,1737055077863,1737055105027,"[{'id': 12463, 'name': 'Movies, books & music', 'icon': 'bookshelf'}, {'id': 24003, 'name': 'Books, comics & magazines', 'icon': None}, {'id': 10064, 'name': 'Books', 'icon': None}, {'id': 10251, 'name': 'Fiction', 'icon': None}, {'id': 24090, 'name': 'Classic literature', 'icon': None}]",{'flag': True},{'flag': False}
mzn2158k20zn,k3zl4orog2jx,Piano antiguo: percecto para deco o restauración,"(Oportinidad, si no encontraramos interesados antes del
finde lo llevamos a punto limpio)
Se dona piano clásico antiguo, ideal para amantes del diseño, interiorismo o profesionales de la música que busquen un proyecto único.

 ¡Llévatelo y dale una nueva vida!

⚡ Aunque ya no está en su mejor forma para hacer música, conserva todo su encanto. Perfecto como pieza decorativa para dar un toque sofisticado y bohemio a cualquier espacio. Con un poco de dedicación, podría incluso volver a sonar.

📏 Grande y robusto, como los pianos de verdad. Requiere una furgoneta para el transporte, pero tiene partes desmontables para facilitar el proceso. Si tienes tiempo y pasión, este piano puede convertirse en tu obra maestra.

Si buscas un piano con historia, ya sea como objeto decorativo o para un emocionante proyecto de restauración, ¡este es el tuyo! 🚚✨",12463,"{'amount': 1, 'currency': 'EUR'}","[{'average_color': '13C1AC', 'urls': {'small': 'https://cdn.wallapop.com/images/10420/i0/qa/__/c10420p1089617601/i5352709340.jpg?pictureSize=W320', 'medium': 'https://cdn.wallapop.com/images/10420/i0/qa/__/c10420p1089617601/i5352709340.jpg?pictureSize=W640', 'big': 'https://cdn.wallapop.com/images/10420/i0/qa/__/c10420p1089617601/i5352709340.jpg?pictureSize=W800'}}, {'average_color': '13C1AC', 'urls': {'small': 'https://cdn.wallapop.com/images/10420/i0/qa/__/c10420p1089617601/i5352709363.jpg?pictureSize=W320', 'medium': 'https://cdn.wallapop.com/images/10420/i0/qa/__/c10420p1089617601/i5352709363.jpg?pictureSize=W640', 'big': 'https://cdn.wallapop.com/images/10420/i0/qa/__/c10420p1089617601/i5352709363.jpg?pictureSize=W800'}}, {'average_color': '13C1AC', 'urls': {'small': 'https://cdn.wallapop.com/images/10420/i0/qa/__/c10420p1089617601/i5352709354.jpg?pictureSize=W320', 'medium': 'https://cdn.wallapop.com/images/10420/i0/qa/__/c10420p1089617601/i5352709354.jpg?pictureSize=W640', 'big': 'https://cdn.wallapop.com/images/10420/i0/qa/__/c10420p1089617601/i5352709354.jpg?pictureSize=W800'}}]",{'flag': True},"{'latitude': 40.4192127, 'longitude': -3.692517, 'postal_code': '28014', 'city': 'Madrid', 'region': 'Comunidad de Madrid', 'region2': 'Madrid', 'country_code': 'ES'}","{'item_is_shippable': True, 'user_allows_shipping': False}",{'flag': False},{'type': 'none'},piano-antiguo-percecto-para-deco-o-restauracion-1089617601,1736874282084,1737148229761,"[{'id': 12463, 'name': 'Movies, books & music', 'icon': 'bookshelf'}, {'id': 24001, 'name': 'Music', 'icon': None}, {'id': 10063, 'name': 'Musical Instruments', 'icon': None}, {'id': 10246, 'name': 'Pianos & keyboards', 'icon': None}, {'id': 24070, 'name': 'Pianos', 'icon': None}]",{'flag': True},{'flag': False}
ejk87gw3v9jx,k3zl0x3peqzx,Cuentos completos Zweig,Cuentos completos Zweig ,12463,"{'amount': 28, 'currency': 'EUR'}","[{'average_color': '13C1AC', 'urls': {'small': 'https://cdn.wallapop.com/images/10420/i1/6v/__/c10420p1090392123/i5357195656.jpg?pictureSize=W320', 'medium': 'https://cdn.wallapop.com/images/10420/i1/6v/__/c10420p1090392123/i5357195656.jpg?pictureSize=W640', 'big': 'https://cdn.wallapop.com/images/10420/i1/6v/__/c10420p1090392123/i5357195656.jpg?pictureSize=W800'}}, {'average_color': '13C1AC', 'urls': {'small': 'https://cdn.wallapop.com/images/10420/i1/6v/__/c10420p1090392123/i5357195702.jpg?pictureSize=W320', 'medium': 'https://cdn.wallapop.com/images/10420/i1/6v/__/c10420p1090392123/i5357195702.jpg?pictureSize=W640', 'big': 'https://cdn.wallapop.com/images/10420/i1/6v/__/c10420p1090392123/i5357195702.jpg?pictureSize=W800'}}]",{'flag': False},"{'latitude': 40.421770770076265, 'longitude': -3.6916356146577667, 'postal_code': '28014', 'city': 'Madrid', 'region': 'Comunidad de Madrid', 'region2': 'Madrid', 'country_code': 'ES'}","{'item_is_shippable': True, 'user_allows_shipping': True}",{'flag': False},{'type': 'none'},cuentos-completos-zweig-1090392123,1737051102480,1737051112873,"[{'id': 12463, 'name': 'Movies, books & music', 'icon': 'bookshelf'}, {'id': 24003, 'name': 'Books, comics & magazines', 'icon': None}, {'id': 10064, 'name': 'Books', 'icon': None}, {'id': 10251, 'name': 'Fiction', 'icon': None}, {'id': 24090, 'name': 'Classic literature', 'icon': None}]",{'flag': True},{'flag': False}
xzo2myxqkw69,x6qy9rplnyjy,Mala mujer,mala mujer,12463,"{'amount': 5, 'currency': 'EUR'}","[{'average_color': '13C1AC', 'urls': {'small': 'https://cdn.wallapop.com/images/10420/i1/5d/__/c10420p1090321357/i5356915197.jpg?pictureSize=W320', 'medium': 'https://cdn.wallapop.com/images/10420/i1/5d/__/c10420p1090321357/i5356915197.jpg?pictureSize=W640', 'big': 'https://cdn.wallapop.com/images/10420/i1/5d/__/c10420p1090321357/i5356915197.jpg?pictureSize=W800'}}]",{'flag': False},"{'latitude': 40.42506796030194, 'longitude': -3.688841595309165, 'postal_code': '28014', 'city': 'Madrid', 'region': 'Comunidad de Madrid', 'region2': 'Madrid', 'country_code': 'ES'}","{'item_is_shippable': True, 'user_allows_shipping': True}",{'flag': False},{'type': 'none'},mala-mujer-1090321357,1737040486796,1737040497056,"[{'id': 12463, 'name': 'Movies, books & music', 'icon': 'bookshelf'}, {'id': 24003, 'name': 'Books, comics & magazines', 'icon': None}, {'id': 10064, 'name': 'Books', 'icon': None}, {'id': 10251, 'name': 'Fiction', 'icon': None}, {'id': 24097, 'name': 'Other fiction books', 'icon': None}]",{'flag': True},{'flag': False}
nzx4n1rr41j2,x6qy9rplnyjy,Aprende a comer y a controlar tu peso,Aprende a comer y a controlar tu peso,12463,"{'amount': 5, 'currency': 'EUR'}","[{'average_color': '13C1AC', 'urls': {'small': 'https://cdn.wallapop.com/images/10420/i1/59/__/c10420p1090316878/i5356898382.jpg?pictureSize=W320', 'medium': 'https://cdn.wallapop.com/images/10420/i1/59/__/c10420p1090316878/i5356898382.jpg?pictureSize=W640', 'big': 'https://cdn.wallapop.com/images/10420/i1/59/__/c10420p1090316878/i5356898382.jpg?pictureSize=W800'}}]",{'flag': False},"{'latitude': 40.42506796030194, 'longitude': -3.688841595309165, 'postal_code': '28014', 'city': 'Madrid', 'region': 'Comunidad de Madrid', 'region2': 'Madrid', 'country_code': 'ES'}","{'item_is_shippable': True, 'user_allows_shipping': True}",{'flag': False},{'type': 'none'},aprende-a-comer-y-a-controlar-tu-peso-1090316878,1737039882311,1737039892674,"[{'id': 12463, 'name': 'Movies, books & music', 'icon': 'bookshelf'}, {'id': 24003, 'name': 'Books, comics & magazines', 'icon': None}, {'id': 10064, 'name': 'Books', 'icon': None}, {'id': 10251, 'name': 'Fiction', 'icon': None}, {'id': 24097, 'name': 'Other fiction books', 'icon': None}]",{'flag': True},{'flag': False}
ejk87ovm29jx,v9jd7323yljk,William Blake - Las puertas del paraíso ,"
°Encuadernación de tapa dura en tela Assuan verde
°Medidas 100x160 mm
°Impreso en papel crema resistente al envejecimiento y sin pasta mecánica de 115 g
°Bloque de libro cosido
°Pintura de canto rojo
°Dorado en la parte delantera, trasera y lomo
°Encuadernación en tela verde
°Incluye estuche",12463,"{'amount': 55, 'currency': 'EUR'}","[{'average_color': '13C1AC', 'urls': {'small': 'https://cdn.wallapop.com/images/10420/i0/gy/__/c10420p1089182595/i5350737845.jpg?pictureSize=W320', 'medium': 'https://cdn.wallapop.com/images/10420/i0/gy/__/c10420p1089182595/i5350737845.jpg?pictureSize=W640', 'big': 'https://cdn.wallapop.com/images/10420/i0/gy/__/c10420p1089182595/i5350737845.jpg?pictureSize=W800'}}, {'average_color': '13C1AC', 'urls': {'small': 'https://cdn.wallapop.com/images/10420/i0/gy/__/c10420p1089182595/i5350737973.jpg?pictureSize=W320', 'medium': 'https://cdn.wallapop.com/images/10420/i0/gy/__/c10420p1089182595/i5350737973.jpg?pictureSize=W640', 'big': 'https://cdn.wallapop.com/images/10420/i0/gy/__/c10420p1089182595/i5350737973.jpg?pictureSize=W800'}}, {'average_color': '13C1AC', 'urls': {'small': 'https://cdn.wallapop.com/images/10420/i0/gy/__/c10420p1089182595/i5350738003.jpg?pictureSize=W320', 'medium': 'https://cdn.wallapop.com/images/10420/i0/gy/__/c10420p1089182595/i5350738003.jpg?pictureSize=W640', 'big': 'https://cdn.wallapop.com/images/10420/i0/gy/__/c10420p1089182595/i5350738003.jpg?pictureSize=W800'}}, {'average_color': '13C1AC', 'urls': {'small': 'https://cdn.wallapop.com/images/10420/i0/gy/__/c10420p1089182595/i5350738035.jpg?pictureSize=W320', 'medium': 'https://cdn.wallapop.com/images/10420/i0/gy/__/c10420p1089182595/i5350738035.jpg?pictureSize=W640', 'big': 'https://cdn.wallapop.com/images/10420/i0/gy/__/c10420p1089182595/i5350738035.jpg?pictureSize=W800'}}, {'average_color': '13C1AC', 'urls': {'small': 'https://cdn.wallapop.com/images/10420/i0/gy/__/c10420p1089182595/i5350738055.jpg?pictureSize=W320', 'medium': 'https://cdn.wallapop.com/images/10420/i0/gy/__/c10420p1089182595/i5350738055.jpg?pictureSize=W640', 'big': 'https://cdn.wallapop.com/images/10420/i0/gy/__/c10420p1089182595/i5350738055.jpg?pictureSize=W800'}}, {'average_color': '13C1AC', 'urls': {'small': 'https://cdn.wallapop.com/images/10420/i0/gy/__/c10420p1089182595/i5350738081.jpg?pictureSize=W320', 'medium': 'https://cdn.wallapop.com/images/10420/i0/gy/__/c10420p1089182595/i5350738081.jpg?pictureSize=W640', 'big': 'https://cdn.wallapop.com/images/10420/i0/gy/__/c10420p1089182595/i5350738081.jpg?pictureSize=W800'}}, {'average_color': '13C1AC', 'urls': {'small': 'https://cdn.wallapop.com/images/10420/i0/gy/__/c10420p1089182595/i5350738124.jpg?pictureSize=W320', 'medium': 'https://cdn.wallapop.com/images/10420/i0/gy/__/c10420p1089182595/i5350738124.jpg?pictureSize=W640', 'big': 'https://cdn.wallapop.com/images/10420/i0/gy/__/c10420p1089182595/i5350738124.jpg?pictureSize=W800'}}, {'average_color': '13C1AC', 'urls': {'small': 'https://cdn.wallapop.com/images/10420/i0/gy/__/c10420p1089182595/i5350738163.jpg?pictureSize=W320', 'medium': 'https://cdn.wallapop.com/images/10420/i0/gy/__/c10420p1089182595/i5350738163.jpg?pictureSize=W640', 'big': 'https://cdn.wallapop.com/images/10420/i0/gy/__/c10420p1089182595/i5350738163.jpg?pictureSize=W800'}}, {'average_color': '13C1AC', 'urls': {'small': 'https://cdn.wallapop.com/images/10420/i0/gy/__/c10420p1089182595/i5350738205.jpg?pictureSize=W320', 'medium': 'https://cdn.wallapop.com/images/10420/i0/gy/__/c10420p1089182595/i5350738205.jpg?pictureSize=W640', 'big': 'https://cdn.wallapop.com/images/10420/i0/gy/__/c10420p1089182595/i5350738205.jpg?pictureSize=W800'}}, {'average_color': '13C1AC', 'urls': {'small': 'https://cdn.wallapop.com/images/10420/i0/gy/__/c10420p1089182595/i5350738238.jpg?pictureSize=W320', 'medium': 'https://cdn.wallapop.com/images/10420/i0/gy/__/c10420p1089182595/i5350738238.jpg?pictureSize=W640', 'big': 'https://cdn.wallapop.com/images/10420/i0/gy/__/c10420p1089182595/i5350738238.jpg?pictureSize=W800'}}]",{'flag': False},"{'latitude': 40.416796999999995, 'longitude': -3.7028367, 'postal_code': '28070', 'city': 'Madrid', 'region': 'Comunidad de Madrid', 'region2': 'Madrid', 'country_code': 'ES'}","{'item_is_shippable': True, 'user_allows_shipping': True, 'cost_configuration_id': '814429d6-7844-471d-97af-196cd4020f26'}",{'flag': False},{'type': 'none'},william-blake-las-puertas-del-paraiso-1089182595,1736775249511,1736954136963,"[{'id': 12463, 'name': 'Movies, books & music', 'icon': 'bookshelf'}, {'id': 24003, 'name': 'Books, comics & magazines', 'icon': None}, {'id': 10064, 'name': 'Books', 'icon': None}, {'id': 10251, 'name': 'Fiction', 'icon': None}, {'id': 24090, 'name': 'Classic literature', 'icon': None}]",{'flag': True},{'flag': False}
pzp2old2xkj3,x6qy9rplnyjy,La vida es suero,la vida es suero,12463,"{'amount': 5, 'currency': 'EUR'}","[{'average_color': '13C1AC', 'urls': {'small': 'https://cdn.wallapop.com/images/10420/i1/59/__/c10420p1090315902/i5356894257.jpg?pictureSize=W320', 'medium': 'https://cdn.wallapop.com/images/10420/i1/59/__/c10420p1090315902/i5356894257.jpg?pictureSize=W640', 'big': 'https://cdn.wallapop.com/images/10420/i1/59/__/c10420p1090315902/i5356894257.jpg?pictureSize=W800'}}]",{'flag': False},"{'latitude': 40.42506796030194, 'longitude': -3.688841595309165, 'postal_code': '28014', 'city': 'Madrid', 'region': 'Comunidad de Madrid', 'region2': 'Madrid', 'country_code': 'ES'}","{'item_is_shippable': True, 'user_allows_shipping': True}",{'flag': False},{'type': 'none'},la-vida-es-suero-1090315902,1737039732492,1737039743033,"[{'id': 12463, 'name': 'Movies, books & music', 'icon': 'bookshelf'}, {'id': 24003, 'name': 'Books, comics & magazines', 'icon': None}, {'id': 10064, 'name': 'Books', 'icon': None}, {'id': 10251, 'name': 'Fiction', 'icon': None}, {'id': 24097, 'name': 'Other fiction books', 'icon': None}]",{'flag': True},{'flag': False}
v6gg5do1d26e,x6qy9rplnyjy,Es la microbiota idiota,¡Es la microbiota idiota!,12463,"{'amount': 7, 'currency': 'EUR'}","[{'average_color': '13C1AC', 'urls': {'small': 'https://cdn.wallapop.com/images/10420/i1/58/__/c10420p1090314964/i5356890599.jpg?pictureSize=W320', 'medium': 'https://cdn.wallapop.com/images/10420/i1/58/__/c10420p1090314964/i5356890599.jpg?pictureSize=W640', 'big': 'https://cdn.wallapop.com/images/10420/i1/58/__/c10420p1090314964/i5356890599.jpg?pictureSize=W800'}}]",{'flag': True},"{'latitude': 40.42506796030194, 'longitude': -3.688841595309165, 'postal_code': '28014', 'city': 'Madrid', 'region': 'Comunidad de Madrid', 'region2': 'Madrid', 'country_code': 'ES'}","{'item_is_shippable': True, 'user_allows_shipping': True}",{'flag': False},{'type': 'none'},es-la-microbiota-idiota-1090314964,1737039621341,1737040695118,"[{'id': 12463, 'name': 'Movies, books & music', 'icon': 'bookshelf'}, {'id': 24003, 'name': 'Books, comics & magazines', 'icon': None}, {'id': 10064, 'name': 'Books', 'icon': None}, {'id': 10251, 'name': 'Fiction', 'icon': None}, {'id': 24097, 'name': 'Other fiction books', 'icon': None}]",{'flag': True},{'flag': False}
8z8kno5qolz3,x6qy9rplnyjy,El pequeño ikigai,El pequeño ikigai,12463,"{'amount': 5, 'currency': 'EUR'}","[{'average_color': '13C1AC', 'urls': {'small': 'https://cdn.wallapop.com/images/10420/i1/57/__/c10420p1090313822/i5356886511.jpg?pictureSize=W320', 'medium': 'https://cdn.wallapop.com/images/10420/i1/57/__/c10420p1090313822/i5356886511.jpg?pictureSize=W640', 'big': 'https://cdn.wallapop.com/images/10420/i1/57/__/c10420p1090313822/i5356886511.jpg?pictureSize=W800'}}]",{'flag': False},"{'latitude': 40.42506796030194, 'longitude': -3.688841595309165, 'postal_code': '28014', 'city': 'Madrid', 'region': 'Comunidad de Madrid', 'region2': 'Madrid', 'country_code': 'ES'}","{'item_is_shippable': True, 'user_allows_shipping': True}",{'flag': False},{'type': 'none'},el-pequeno-ikigai-1090313822,1737039442827,1737039453053,"[{'id': 12463, 'name': 'Movies, books & music', 'icon': 'bookshelf'}, {'id': 24003, 'name': 'Books, comics & magazines', 'icon': None}, {'id': 10064, 'name': 'Books', 'icon': None}, {'id': 10251, 'name': 'Fiction', 'icon': None}, {'id': 24097, 'name': 'Other fiction books', 'icon': None}]",{'flag': True},{'flag': False}
mzn21o97pyzn,nz0mw2dd3djo,Contabilidad práctica para todos: Casos y solución comentada,Libro como nuevo,12463,"{'amount': 10, 'currency': 'EUR'}","[{'average_color': '13C1AC', 'urls': {'small': 'https://cdn.wallapop.com/images/10420/hy/ij/__/c10420p1085896797/i5336044261.jpg?pictureSize=W320', 'medium': 'https://cdn.wallapop.com/images/10420/hy/ij/__/c10420p1085896797/i5336044261.jpg?pictureSize=W640', 'big': 'https://cdn.wallapop.com/images/10420/hy/ij/__/c10420p1085896797/i5336044261.jpg?pictureSize=W800'}}, {'average_color': '13C1AC', 'urls': {'small': 'https://cdn.wallapop.com/images/10420/hy/ij/__/c10420p1085896797/i5336044362.jpg?pictureSize=W320', 'medium': 'https://cdn.wallapop.com/images/10420/hy/ij/__/c10420p1085896797/i5336044362.jpg?pictureSize=W640', 'big': 'https://cdn.wallapop.com/images/10420/hy/ij/__/c10420p1085896797/i5336044362.jpg?pictureSize=W800'}}]",{'flag': False},"{'latitude': 40.419235373235935, 'longitude': -3.7052308131183054, 'postal_code': '28070', 'city': 'Madrid', 'region': 'Comunidad de Madrid', 'region2': 'Madrid', 'country_code': 'ES'}","{'item_is_shippable': True, 'user_allows_shipping': True}",{'flag': False},{'type': 'none'},contabilidad-practica-para-todos-casos-y-solucion-comentada-1085896797,1736152924507,1736156763279,"[{'id': 12463, 'name': 'Movies, books & music', 'icon': 'bookshelf'}, {'id': 24003, 'name': 'Books, comics & magazines', 'icon': None}, {'id': 10064, 'name': 'Books', 'icon': None}, {'id': 10250, 'name': 'Non-fiction', 'icon': None}, {'id': 24075, 'name': 'Business & Economics', 'icon': None}]",{'flag': True},{'flag': False}
e658kx7vqm6o,w6730yv37yjx,El manuscrito de barro,"El manuscrito de barro es una novela histórica de misterio que combina el suspenso con la intriga literaria. La trama se desarrolla en el siglo XVI, durante la Inquisición en España. La historia sigue a Felipe de Salazar, un joven abogado que se ve involucrado en un misterioso caso relacionado con un antiguo manuscrito que tiene poderes secretos.

Felipe, quien vive en Toledo, es llamado por un amigo suyo, Fray Bernardo de Vaca, un monje franciscano que ha encontrado un manuscrito muy peculiar, cubierto de barro y aparentemente muy antiguo. Pronto, Felipe descubre que este manuscrito contiene un enigma relacionado con el Códice de Trecera, un texto legendario que, según se dice, guarda los secretos de la alquimia, la magia y la ciencia prohibida.

A lo largo de la novela, Felipe se adentra en un laberinto de conspiraciones, traiciones, misterios y secretos oscuros mientras trata de desvelar los enigmas que oculta el manuscrito. La trama se mezcla con hechos históricos reales, como la persecución de los herejes y las luchas ideológicas de la época, y presenta una Barcelona y Toledo muy vivas en el contexto de la época de los Reyes Católicos.

La novela no solo es un thriller histórico, sino también una reflexión sobre el poder del conocimiento, la oscuridad de la Inquisición y los límites de la fe y la razón",12463,"{'amount': 10, 'currency': 'EUR'}","[{'average_color': '13C1AC', 'urls': {'small': 'https://cdn.wallapop.com/images/10420/i1/57/__/c10420p1090313424/i5356884361.jpg?pictureSize=W320', 'medium': 'https://cdn.wallapop.com/images/10420/i1/57/__/c10420p1090313424/i5356884361.jpg?pictureSize=W640', 'big': 'https://cdn.wallapop.com/images/10420/i1/57/__/c10420p1090313424/i5356884361.jpg?pictureSize=W800'}}, {'average_color': '13C1AC', 'urls': {'small': 'https://cdn.wallapop.com/images/10420/i1/57/__/c10420p1090313424/i5356884420.jpg?pictureSize=W320', 'medium': 'https://cdn.wallapop.com/images/10420/i1/57/__/c10420p1090313424/i5356884420.jpg?pictureSize=W640', 'big': 'https://cdn.wallapop.com/images/10420/i1/57/__/c10420p1090313424/i5356884420.jpg?pictureSize=W800'}}]",{'flag': False},"{'latitude': 40.42479268599717, 'longitude': -3.6999963567570466, 'postal_code': '28014', 'city': 'Madrid', 'region': 'Comunidad de Madrid', 'region2': 'Madrid', 'country_code': 'ES'}","{'item_is_shippable': True, 'user_allows_shipping': True}",{'flag': False},{'type': 'none'},el-manuscrito-de-barro-1090313424,1737039375506,1737039386469,"[{'id': 12463, 'name': 'Movies, books & music', 'icon': 'bookshelf'}, {'id': 24003, 'name': 'Books, comics & magazines', 'icon': None}, {'id': 10064, 'name': 'Books', 'icon': None}, {'id': 10251, 'name': 'Fiction', 'icon': None}, {'id': 24092, 'name': 'Crime and mystery', 'icon': None}]",{'flag': True},{'flag': False}
vjrq2n4yg4zk,x6qy9rplnyjy,Superacion de la dependencia emocional,Superacion de la dependencia emocional,12463,"{'amount': 5, 'currency': 'EUR'}","[{'average_color': '13C1AC', 'urls': {'small': 'https://cdn.wallapop.com/images/10420/i1/57/__/c10420p1090313143/i5356882899.jpg?pictureSize=W320', 'medium': 'https://cdn.wallapop.com/images/10420/i1/57/__/c10420p1090313143/i5356882899.jpg?pictureSize=W640', 'big': 'https://cdn.wallapop.com/images/10420/i1/57/__/c10420p1090313143/i5356882899.jpg?pictureSize=W800'}}]",{'flag': True},"{'latitude': 40.42506796030194, 'longitude': -3.688841595309165, 'postal_code': '28014', 'city': 'Madrid', 'region': 'Comunidad de Madrid', 'region2': 'Madrid', 'country_code': 'ES'}","{'item_is_shippable': True, 'user_allows_shipping': True}",{'flag': False},{'type': 'none'},superacion-de-la-dependencia-emocional-1090313143,1737039331489,1737352918521,"[{'id': 12463, 'name': 'Movies, books & music', 'icon': 'bookshelf'}, {'id': 24003, 'name': 'Books, comics & magazines', 'icon': None}, {'id': 10064, 'name': 'Books', 'icon': None}, {'id': 10251, 'name': 'Fiction', 'icon': None}, {'id': 24097, 'name': 'Other fiction books', 'icon': None}]",{'flag': True},{'flag': False}
wzy4pmrmpxz5,x6qy9rplnyjy,Come seguro comiendo de todo,Come seguro comiendo de todo,12463,"{'amount': 5, 'currency': 'EUR'}","[{'average_color': '13C1AC', 'urls': {'small': 'https://cdn.wallapop.com/images/10420/i1/56/__/c10420p1090311944/i5356878017.jpg?pictureSize=W320', 'medium': 'https://cdn.wallapop.com/images/10420/i1/56/__/c10420p1090311944/i5356878017.jpg?pictureSize=W640', 'big': 'https://cdn.wallapop.com/images/10420/i1/56/__/c10420p1090311944/i5356878017.jpg?pictureSize=W800'}}]",{'flag': False},"{'latitude': 40.42506796030194, 'longitude': -3.688841595309165, 'postal_code': '28014', 'city': 'Madrid', 'region': 'Comunidad de Madrid', 'region2': 'Madrid', 'country_code': 'ES'}","{'item_is_shippable': True, 'user_allows_shipping': True}",{'flag': False},{'type': 'none'},come-seguro-comiendo-de-todo-1090311944,1737039137384,1737039147686,"[{'id': 12463, 'name': 'Movies, books & music', 'icon': 'bookshelf'}, {'id': 24003, 'name': 'Books, comics & magazines', 'icon': None}, {'id': 10064, 'name': 'Books', 'icon': None}, {'id': 10251, 'name': 'Fiction', 'icon': None}, {'id': 24097, 'name': 'Other fiction books', 'icon': None}]",{'flag': True},{'flag': False}
qzmex4qxlxjv,8x6qy8lwlejy,Guitarra electroacústica Fender como nueva,"guitarra electroacustica fender. Como nueva. Incluye maletin de transporte de alta resistencia marca Hiscox, perfecto para viajar en avión. De regalo selección de púas y strap fender. ",12463,"{'amount': 450, 'currency': 'EUR'}","[{'average_color': '13C1AC', 'urls': {'small': 'https://cdn.wallapop.com/images/10420/hx/bm/__/c10420p1083894256/i5322155928.jpg?pictureSize=W320', 'medium': 'https://cdn.wallapop.com/images/10420/hx/bm/__/c10420p1083894256/i5322155928.jpg?pictureSize=W640', 'big': 'https://cdn.wallapop.com/images/10420/hx/bm/__/c10420p1083894256/i5322155928.jpg?pictureSize=W800'}}, {'average_color': '13C1AC', 'urls': {'small': 'https://cdn.wallapop.com/images/10420/hx/bm/__/c10420p1083894256/i5322156000.jpg?pictureSize=W320', 'medium': 'https://cdn.wallapop.com/images/10420/hx/bm/__/c10420p1083894256/i5322156000.jpg?pictureSize=W640', 'big': 'https://cdn.wallapop.com/images/10420/hx/bm/__/c10420p1083894256/i5322156000.jpg?pictureSize=W800'}}, {'average_color': '13C1AC', 'urls': {'small': 'https://cdn.wallapop.com/images/10420/hx/bm/__/c10420p1083894256/i5322155984.jpg?pictureSize=W320', 'medium': 'https://cdn.wallapop.com/images/10420/hx/bm/__/c10420p1083894256/i5322155984.jpg?pictureSize=W640', 'big': 'https://cdn.wallapop.com/images/10420/hx/bm/__/c10420p1083894256/i5322155984.jpg?pictureSize=W800'}}, {'average_color': '13C1AC', 'urls': {'small': 'https://cdn.wallapop.com/images/10420/hx/bm/__/c10420p1083894256/i5322156003.jpg?pictureSize=W320', 'medium': 'https://cdn.wallapop.com/images/10420/hx/bm/__/c10420p1083894256/i5322156003.jpg?pictureSize=W640', 'big': 'https://cdn.wallapop.com/images/10420/hx/bm/__/c10420p1083894256/i5322156003.jpg?pictureSize=W800'}}, {'average_color': '13C1AC', 'urls': {'small': 'https://cdn.wallapop.com/images/10420/hx/bm/__/c10420p1083894256/i5322155971.jpg?pictureSize=W320', 'medium': 'https://cdn.wallapop.com/images/10420/hx/bm/__/c10420p1083894256/i5322155971.jpg?pictureSize=W640', 'big': 'https://cdn.wallapop.com/images/10420/hx/bm/__/c10420p1083894256/i5322155971.jpg?pictureSize=W800'}}, {'average_color': '13C1AC', 'urls': {'small': 'https://cdn.wallapop.com/images/10420/hx/bm/__/c10420p1083894256/i5322156011.jpg?pictureSize=W320', 'medium': 'https://cdn.wallapop.com/images/10420/hx/bm/__/c10420p1083894256/i5322156011.jpg?pictureSize=W640', 'big': 'https://cdn.wallapop.com/images/10420/hx/bm/__/c10420p1083894256/i5322156011.jpg?pictureSize=W800'}}, {'average_color': '13C1AC', 'urls': {'small': 'https://cdn.wallapop.com/images/10420/hx/bm/__/c10420p1083894256/i5322155990.jpg?pictureSize=W320', 'medium': 'https://cdn.wallapop.com/images/10420/hx/bm/__/c10420p1083894256/i5322155990.jpg?pictureSize=W640', 'big': 'https://cdn.wallapop.com/images/10420/hx/bm/__/c10420p1083894256/i5322155990.jpg?pictureSize=W800'}}, {'average_color': '13C1AC', 'urls': {'small': 'https://cdn.wallapop.com/images/10420/hx/bm/__/c10420p1083894256/i5322156029.jpg?pictureSize=W320', 'medium': 'https://cdn.wallapop.com/images/10420/hx/bm/__/c10420p1083894256/i5322156029.jpg?pictureSize=W640', 'big': 'https://cdn.wallapop.com/images/10420/hx/bm/__/c10420p1083894256/i5322156029.jpg?pictureSize=W800'}}, {'average_color': '13C1AC', 'urls': {'small': 'https://cdn.wallapop.com/images/10420/hx/bm/__/c10420p1083894256/i5322156035.jpg?pictureSize=W320', 'medium': 'https://cdn.wallapop.com/images/10420/hx/bm/__/c10420p1083894256/i5322156035.jpg?pictureSize=W640', 'big': 'https://cdn.wallapop.com/images/10420/hx/bm/__/c10420p1083894256/i5322156035.jpg?pictureSize=W800'}}, {'average_color': '13C1AC', 'urls': {'small': 'https://cdn.wallapop.com/images/10420/hx/bm/__/c10420p1083894256/i5322155963.jpg?pictureSize=W320', 'medium': 'https://cdn.wallapop.com/images/10420/hx/bm/__/c10420p1083894256/i5322155963.jpg?pictureSize=W640', 'big': 'https://cdn.wallapop.com/images/10420/hx/bm/__/c10420p1083894256/i5322155963.jpg?pictureSize=W800'}}]",{'flag': False},"{'latitude': 40.4192127, 'longitude': -3.692517, 'postal_code': '28014', 'city': 'Madrid', 'region': 'Comunidad de Madrid', 'region2': 'Madrid', 'country_code': 'ES'}","{'item_is_shippable': True, 'user_allows_shipping': False}",{'flag': False},{'type': 'none'},guitarra-electroacustica-fender-como-nueva-1083894256,1735574628863,1735575505029,"[{'id': 12463, 'name': 'Movies, books & music', 'icon': 'bookshelf'}, {'id': 24001, 'name': 'Music', 'icon': None}, {'id': 10063, 'name': 'Musical Instruments', 'icon': None}, {'id': 10243, 'name': 'String instruments', 'icon': None}, {'id': 10242, 'name': 'Guitars', 'icon': None}]",{'flag': True},{'flag': False}
8j34d7872169,w6730yv37yjx,El Juego del Ángel (Spanish Edition),"
Claro, aquí tienes el resumen de El juego del ángel de Carlos Ruiz Zafón:

Resumen de El juego del ángel de Carlos Ruiz Zafón:
El juego del ángel es una novela que, al igual que La sombra del viento, forma parte de la serie El Cementerio de los Libros Olvidados. La historia se desarrolla en Barcelona, en los años 1920, y sigue al joven David Martín, un escritor que se ve envuelto en un oscuro misterio literario.",12463,"{'amount': 8, 'currency': 'EUR'}","[{'average_color': '13C1AC', 'urls': {'small': 'https://cdn.wallapop.com/images/10420/i1/55/__/c10420p1090311810/i5356876795.jpg?pictureSize=W320', 'medium': 'https://cdn.wallapop.com/images/10420/i1/55/__/c10420p1090311810/i5356876795.jpg?pictureSize=W640', 'big': 'https://cdn.wallapop.com/images/10420/i1/55/__/c10420p1090311810/i5356876795.jpg?pictureSize=W800'}}, {'average_color': '13C1AC', 'urls': {'small': 'https://cdn.wallapop.com/images/10420/i1/55/__/c10420p1090311810/i5356876807.jpg?pictureSize=W320', 'medium': 'https://cdn.wallapop.com/images/10420/i1/55/__/c10420p1090311810/i5356876807.jpg?pictureSize=W640', 'big': 'https://cdn.wallapop.com/images/10420/i1/55/__/c10420p1090311810/i5356876807.jpg?pictureSize=W800'}}]",{'flag': False},"{'latitude': 40.42479268599717, 'longitude': -3.6999963567570466, 'postal_code': '28014', 'city': 'Madrid', 'region': 'Comunidad de Madrid', 'region2': 'Madrid', 'country_code': 'ES'}","{'item_is_shippable': True, 'user_allows_shipping': True}",{'flag': False},{'type': 'none'},el-juego-del-angel-spanish-edition-1090311810,1737039117062,1737039127517,"[{'id': 12463, 'name': 'Movies, books & music', 'icon': 'bookshelf'}, {'id': 24003, 'name': 'Books, comics & magazines', 'icon': None}, {'id': 10064, 'name': 'Books', 'icon': None}, {'id': 10251, 'name': 'Fiction', 'icon': None}, {'id': 24092, 'name': 'Crime and mystery', 'icon': None}]",{'flag': True},{'flag': False}
wzy4pmr3qez5,x6qy9rplnyjy,Psiconutricion Spanish Edition,Psiconutricion (Spanish Edition),12463,"{'amount': 5, 'currency': 'EUR'}","[{'average_color': '13C1AC', 'urls': {'small': 'https://cdn.wallapop.com/images/10420/i1/55/__/c10420p1090311192/i5356874622.jpg?pictureSize=W320', 'medium': 'https://cdn.wallapop.com/images/10420/i1/55/__/c10420p1090311192/i5356874622.jpg?pictureSize=W640', 'big': 'https://cdn.wallapop.com/images/10420/i1/55/__/c10420p1090311192/i5356874622.jpg?pictureSize=W800'}}]",{'flag': False},"{'latitude': 40.42506796030194, 'longitude': -3.688841595309165, 'postal_code': '28014', 'city': 'Madrid', 'region': 'Comunidad de Madrid', 'region2': 'Madrid', 'country_code': 'ES'}","{'item_is_shippable': True, 'user_allows_shipping': True}",{'flag': False},{'type': 'none'},psiconutricion-spanish-edition-1090311192,1737039017361,1737039027686,"[{'id': 12463, 'name': 'Movies, books & music', 'icon': 'bookshelf'}, {'id': 24003, 'name': 'Books, comics & magazines', 'icon': None}, {'id': 10064, 'name': 'Books', 'icon': None}, {'id': 10251, 'name': 'Fiction', 'icon': None}, {'id': 24097, 'name': 'Other fiction books', 'icon': None}]",{'flag': True},{'flag': False}
nz04on8q57jo,w6730yv37yjx,El Código Da Vinci,"El código Da Vinci es un thriller histórico que mezcla arte, religión y misterio, creado por Dan Brown. La historia comienza con el asesinato de Jacques Saunière, el conservador del Museo del Louvre en París. Antes de morir, Saunière deja una serie de enigmáticos códigos y símbolos en su cuerpo y alrededor de la escena del crimen, los cuales el experto en simbología Robert Langdon y la criptóloga Sophie Neveu deberán descifrar.

A lo largo de la novela, Langdon y Sophie desentrañan una serie de pistas que los conducen a descubrir una trama secreta relacionada con el priorato de Sion, una sociedad secreta que ha protegido uno de los mayores secretos de la humanidad: la verdadera naturaleza de la Santa Grial. La novela plantea una teoría radical sobre el Grial, sugiriendo que podría no ser un cáliz sagrado, sino un secreto relacionado con la descendencia de Jesucristo.

La trama se desarrolla a un ritmo vertiginoso mientras Langdon y Sophie huyen de una red de conspiradores, agentes secretos y la Iglesia, todos dispuestos a mantener el secreto. A lo largo del camino, se enfrentan a acertijos, códigos ocultos en obras de arte famosas como la Mona Lisa y la Última Cena, y a una serie de revelaciones que ponen en duda la historia tal como la conocemos.

El libro toca temas sobre la fe, la historia y la interpretación de los textos religiosos, lo que ha generado controversia pero también ha sido una de las razones de su éxito mundial.",12463,"{'amount': 10, 'currency': 'EUR'}","[{'average_color': '13C1AC', 'urls': {'small': 'https://cdn.wallapop.com/images/10420/i1/55/__/c10420p1090310927/i5356873687.jpg?pictureSize=W320', 'medium': 'https://cdn.wallapop.com/images/10420/i1/55/__/c10420p1090310927/i5356873687.jpg?pictureSize=W640', 'big': 'https://cdn.wallapop.com/images/10420/i1/55/__/c10420p1090310927/i5356873687.jpg?pictureSize=W800'}}, {'average_color': '13C1AC', 'urls': {'small': 'https://cdn.wallapop.com/images/10420/i1/55/__/c10420p1090310927/i5356873704.jpg?pictureSize=W320', 'medium': 'https://cdn.wallapop.com/images/10420/i1/55/__/c10420p1090310927/i5356873704.jpg?pictureSize=W640', 'big': 'https://cdn.wallapop.com/images/10420/i1/55/__/c10420p1090310927/i5356873704.jpg?pictureSize=W800'}}]",{'flag': False},"{'latitude': 40.42479268599717, 'longitude': -3.6999963567570466, 'postal_code': '28014', 'city': 'Madrid', 'region': 'Comunidad de Madrid', 'region2': 'Madrid', 'country_code': 'ES'}","{'item_is_shippable': True, 'user_allows_shipping': True}",{'flag': False},{'type': 'none'},el-codigo-da-vinci-1090310927,1737038976742,1737038987600,"[{'id': 12463, 'name': 'Movies, books & music', 'icon': 'bookshelf'}, {'id': 24003, 'name': 'Books, comics & magazines', 'icon': None}, {'id': 10064, 'name': 'Books', 'icon': None}, {'id': 10251, 'name': 'Fiction', 'icon': None}, {'id': 24092, 'name': 'Crime and mystery', 'icon': None}]",{'flag': True},{'flag': False}
