id,user_id,title,description,category_id,price,images,reserved,location,shipping,favorited,bump,web_slug,created_at,modified_at,taxonomy,is_favoriteable,is_refurbished,discount
nz04o7v4x7jo,8z8qmxx7voz3,Figura Figuarts Zero Sukuna,"Figura de Sukuna, de Fitguars Zero , anime jujutsu kaisen, medidas 13 cm aprox",12485,"{'amount': 89.95, 'currency': 'EUR'}","[{'average_color': '13C1AC', 'urls': {'small': 'https://cdn.wallapop.com/images/10420/i1/b6/__/c10420p1090592375/i5357968148.jpg?pictureSize=W320', 'medium': 'https://cdn.wallapop.com/images/10420/i1/b6/__/c10420p1090592375/i5357968148.jpg?pictureSize=W640', 'big': 'https://cdn.wallapop.com/images/10420/i1/b6/__/c10420p1090592375/i5357968148.jpg?pictureSize=W800'}}, {'average_color': '13C1AC', 'urls': {'small': 'https://cdn.wallapop.com/images/10420/i1/b6/__/c10420p1090592375/i5357968181.jpg?pictureSize=W320', 'medium': 'https://cdn.wallapop.com/images/10420/i1/b6/__/c10420p1090592375/i5357968181.jpg?pictureSize=W640', 'big': 'https://cdn.wallapop.com/images/10420/i1/b6/__/c10420p1090592375/i5357968181.jpg?pictureSize=W800'}}]",{'flag': False},"{'latitude': 40.417166168589844, 'longitude': -3.688848425980609, 'postal_code': '28014', 'city': 'Madrid', 'region': 'Comunidad de Madrid', 'region2': 'Madrid', 'country_code': 'ES'}","{'item_is_shippable': True, 'user_allows_shipping': True}",{'flag': False},{'type': 'zone'},figura-figuarts-zero-sukuna-1090592375,1737102708514,1737353951660,"[{'id': 12485, 'name': 'Other', 'icon': 'ghost'}]",{'flag': True},{'flag': False},
pzp2e11e5kj3,pzp925mgmm63,viendo los 2 por 65 euros ,perfecto üëå722655568,12485,"{'amount': 65, 'currency': 'EUR'}","[{'average_color': '13C1AC', 'urls': {'small': 'https://cdn.wallapop.com/images/10420/i2/3r/__/c10420p1091926326/i5364063333.jpg?pictureSize=W320', 'medium': 'https://cdn.wallapop.com/images/10420/i2/3r/__/c10420p1091926326/i5364063333.jpg?pictureSize=W640', 'big': 'https://cdn.wallapop.com/images/10420/i2/3r/__/c10420p1091926326/i5364063333.jpg?pictureSize=W800'}}, {'average_color': '13C1AC', 'urls': {'small': 'https://cdn.wallapop.com/images/10420/i2/3r/__/c10420p1091926326/i5364063597.jpg?pictureSize=W320', 'medium': 'https://cdn.wallapop.com/images/10420/i2/3r/__/c10420p1091926326/i5364063597.jpg?pictureSize=W640', 'big': 'https://cdn.wallapop.com/images/10420/i2/3r/__/c10420p1091926326/i5364063597.jpg?pictureSize=W800'}}, {'average_color': '13C1AC', 'urls': {'small': 'https://cdn.wallapop.com/images/10420/i2/3r/__/c10420p1091926326/i5364063630.jpg?pictureSize=W320', 'medium': 'https://cdn.wallapop.com/images/10420/i2/3r/__/c10420p1091926326/i5364063630.jpg?pictureSize=W640', 'big': 'https://cdn.wallapop.com/images/10420/i2/3r/__/c10420p1091926326/i5364063630.jpg?pictureSize=W800'}}, {'average_color': '13C1AC', 'urls': {'small': 'https://cdn.wallapop.com/images/10420/i2/3r/__/c10420p1091926326/i5364063691.jpg?pictureSize=W320', 'medium': 'https://cdn.wallapop.com/images/10420/i2/3r/__/c10420p1091926326/i5364063691.jpg?pictureSize=W640', 'big': 'https://cdn.wallapop.com/images/10420/i2/3r/__/c10420p1091926326/i5364063691.jpg?pictureSize=W800'}}, {'average_color': '13C1AC', 'urls': {'small': 'https://cdn.wallapop.com/images/10420/i2/3r/__/c10420p1091926326/i5364063737.jpg?pictureSize=W320', 'medium': 'https://cdn.wallapop.com/images/10420/i2/3r/__/c10420p1091926326/i5364063737.jpg?pictureSize=W640', 'big': 'https://cdn.wallapop.com/images/10420/i2/3r/__/c10420p1091926326/i5364063737.jpg?pictureSize=W800'}}, {'average_color': '13C1AC', 'urls': {'small': 'https://cdn.wallapop.com/images/10420/i2/3r/__/c10420p1091926326/i5364063803.jpg?pictureSize=W320', 'medium': 'https://cdn.wallapop.com/images/10420/i2/3r/__/c10420p1091926326/i5364063803.jpg?pictureSize=W640', 'big': 'https://cdn.wallapop.com/images/10420/i2/3r/__/c10420p1091926326/i5364063803.jpg?pictureSize=W800'}}, {'average_color': '13C1AC', 'urls': {'small': 'https://cdn.wallapop.com/images/10420/i2/3r/__/c10420p1091926326/i5364063863.jpg?pictureSize=W320', 'medium': 'https://cdn.wallapop.com/images/10420/i2/3r/__/c10420p1091926326/i5364063863.jpg?pictureSize=W640', 'big': 'https://cdn.wallapop.com/images/10420/i2/3r/__/c10420p1091926326/i5364063863.jpg?pictureSize=W800'}}, {'average_color': '13C1AC', 'urls': {'small': 'https://cdn.wallapop.com/images/10420/i2/3r/__/c10420p1091926326/i5364063912.jpg?pictureSize=W320', 'medium': 'https://cdn.wallapop.com/images/10420/i2/3r/__/c10420p1091926326/i5364063912.jpg?pictureSize=W640', 'big': 'https://cdn.wallapop.com/images/10420/i2/3r/__/c10420p1091926326/i5364063912.jpg?pictureSize=W800'}}]",{'flag': False},"{'latitude': 40.424087535502856, 'longitude': -3.695034589988885, 'postal_code': '28014', 'city': 'Madrid', 'region': 'Comunidad de Madrid', 'region2': 'Madrid', 'country_code': 'ES'}","{'item_is_shippable': True, 'user_allows_shipping': True}",{'flag': False},{'type': 'none'},viendo-los-2-por-65-euros-1091926326,1737396430892,1737396449947,"[{'id': 12485, 'name': 'Other', 'icon': 'ghost'}]",{'flag': True},{'flag': False},
3zl82g5g4p6x,e65yv1oy0kjo,FOCO LED BARRAS HERVICIDAS,"foco led con lente azul se utiliza para proyectar la luz sobre las boquillas de barras de tratamiento agricola para ir verificando que todas las boquillas arrojan producto sobre el terreno, 18w de potencia funciona a 12v y 24v muy practico, enviamos a toda espa√±a contarembolso atendemos whattsap telefono email los 365 dias al a√±o. ademas contamos con todo tipo de focos led y barras 18w 27w 48w 72w 96w 120w 180w 240w 300w. se envia segovia la coru√±a leon granada asturias burgos huesca palencia valladolidetc",12485,"{'amount': 30, 'currency': 'EUR'}","[{'average_color': '13C1AC', 'urls': {'small': 'https://cdn.wallapop.com/images/10420/i1/yu/__/c10420p1091696293/i5362941254.jpg?pictureSize=W320', 'medium': 'https://cdn.wallapop.com/images/10420/i1/yu/__/c10420p1091696293/i5362941254.jpg?pictureSize=W640', 'big': 'https://cdn.wallapop.com/images/10420/i1/yu/__/c10420p1091696293/i5362941254.jpg?pictureSize=W800'}}]",{'flag': False},"{'latitude': 40.42155471027009, 'longitude': -3.688756015509273, 'postal_code': '28014', 'city': 'Madrid', 'region': 'Comunidad de Madrid', 'region2': 'Madrid', 'country_code': 'ES'}","{'item_is_shippable': True, 'user_allows_shipping': True, 'cost_configuration_id': '814429d6-7844-471d-97af-196cd4020f26'}",{'flag': False},{'type': 'none'},foco-led-barras-hervicidas-1091696293,1737355328842,1737355339222,"[{'id': 12485, 'name': 'Other', 'icon': 'ghost'}]",{'flag': True},{'flag': False},
nz04pmd9yrjo,e65yv1oy0kjo,FOCO TRABAJO REDONDO 48W 12-24V REDONDO.,"NUEVOS, Foco de trabajo, redondo de 48w, de alta capacidad, 16 led x 3w, Luz de 6000K-6500K, Admite trabajar con baterias de 12v a 24v, estructura de aluminio. Foco led 48w Proporciona visibilidad a gran distancia y a corta distancia, Foco 42w es fuerte tiene IP67, con lo que es a prueba de polvo y lluvia, Para ser utilizada en pesca, camiones, tractores, camiones, gruas, maquinaria agricola, cosechadoras, excavadoras, 4 x 4 , rally, todoterrenos",12485,"{'amount': 15, 'currency': 'EUR'}","[{'average_color': '13C1AC', 'urls': {'small': 'https://cdn.wallapop.com/images/10420/i1/yt/__/c10420p1091695327/i5362937542.jpg?pictureSize=W320', 'medium': 'https://cdn.wallapop.com/images/10420/i1/yt/__/c10420p1091695327/i5362937542.jpg?pictureSize=W640', 'big': 'https://cdn.wallapop.com/images/10420/i1/yt/__/c10420p1091695327/i5362937542.jpg?pictureSize=W800'}}]",{'flag': False},"{'latitude': 40.42155471027009, 'longitude': -3.688756015509273, 'postal_code': '28014', 'city': 'Madrid', 'region': 'Comunidad de Madrid', 'region2': 'Madrid', 'country_code': 'ES'}","{'item_is_shippable': True, 'user_allows_shipping': True, 'cost_configuration_id': '814429d6-7844-471d-97af-196cd4020f26'}",{'flag': False},{'type': 'none'},foco-trabajo-redondo-48w-12-24v-redondo-1091695327,1737355050089,1737355060488,"[{'id': 12485, 'name': 'Other', 'icon': 'ghost'}]",{'flag': True},{'flag': False},
wzy408x572z5,mznlgdq2x2jn,FREIDORA A GAS MOD: SV-98FRG21VL,"Dimensiones: 800x900x870 mm.
Capacidad de la cuba: 21+21 L
Potencia total: 38 Kw
QUEMADORES FUERA DE LA CUBA.
EL PRECIO ES + IVA ",12485,"{'amount': 2998, 'currency': 'EUR'}","[{'average_color': '13C1AC', 'urls': {'small': 'https://cdn.wallapop.com/images/10420/hq/af/__/c10420p1072081244/i5255278971.jpg?pictureSize=W320', 'medium': 'https://cdn.wallapop.com/images/10420/hq/af/__/c10420p1072081244/i5255278971.jpg?pictureSize=W640', 'big': 'https://cdn.wallapop.com/images/10420/hq/af/__/c10420p1072081244/i5255278971.jpg?pictureSize=W800'}}]",{'flag': False},"{'latitude': 40.413625127377, 'longitude': -3.696558118397145, 'postal_code': '28014', 'city': 'Madrid', 'region': 'Comunidad de Madrid', 'region2': 'Madrid', 'country_code': 'ES'}","{'item_is_shippable': False, 'user_allows_shipping': False}",{'flag': False},{'type': 'none'},freidora-a-gas-mod-sv-98frg21vl-1072081244,1732269621887,1733124854536,"[{'id': 12485, 'name': 'Other', 'icon': 'ghost'}]",{'flag': True},{'flag': False},
pj9m2yr81m6e,e65yv1oy0kjo,FOCO LED CUADRADO,"foco led 16 led 48w 4600 lumenes ideales para tractores medidas 11x11 funcionan a 12v y 24v resistentes agua polvo, envios urgentes a toda espÔøΩa contrarembolso atendemos whattsap email telefono. tambien disponemos de 18w 24w 36w 48w 51w 72w 120w 180w 240w 300w valido para pesca del calamar, pesca, camiones, tractores, camiones, gruas, maquinaria agricola, cosechadoras, excavadoras, 4 x 4 , rally, todoterrenos, remolques, camping SUV, AT  hormigoneras, dumper man mercedes daf renault iveco scania volvo astra ebro pegaso deu leilan 6x6 6x4-carrillero de obra-ba√±eras 2 y 3 ejes-basculantes-volquete8x4 4x46x2-camiones r√≠gidos con gr√∫a o",12485,"{'amount': 15, 'currency': 'EUR'}","[{'average_color': '13C1AC', 'urls': {'small': 'https://cdn.wallapop.com/images/10420/i1/yt/__/c10420p1091695013/i5362936333.jpg?pictureSize=W320', 'medium': 'https://cdn.wallapop.com/images/10420/i1/yt/__/c10420p1091695013/i5362936333.jpg?pictureSize=W640', 'big': 'https://cdn.wallapop.com/images/10420/i1/yt/__/c10420p1091695013/i5362936333.jpg?pictureSize=W800'}}]",{'flag': False},"{'latitude': 40.42155471027009, 'longitude': -3.688756015509273, 'postal_code': '28014', 'city': 'Madrid', 'region': 'Comunidad de Madrid', 'region2': 'Madrid', 'country_code': 'ES'}","{'item_is_shippable': True, 'user_allows_shipping': True, 'cost_configuration_id': '814429d6-7844-471d-97af-196cd4020f26'}",{'flag': False},{'type': 'none'},foco-led-cuadrado-1091695013,1737354956987,1737354967391,"[{'id': 12485, 'name': 'Other', 'icon': 'ghost'}]",{'flag': True},{'flag': False},
p6140oex5d65,e65yv1oy0kjo,"FOCO TRABAJO LUZ 27W REDONDO ,","NUEVO Foco trabajo, redondo de 27w, de alta capacidad, 9 led x 3w, Luz de 6000K-6500K, Acepta trabajar con baterias de 12v a 24v, estructura de aluminio. Foco 27 w Da visibilidad a larga distancia y a corta distancia Resistente tiene certificaci√≥n IP67, con lo que es a prueba de polvo y lluvia, Para ser utilizada en pesca, camiones, tractores, camiones, gruas, maquinaria agricola, cosechadoras, excavadoras, 4 x 4 , rally, todoterrenos, remolques",12485,"{'amount': 12, 'currency': 'EUR'}","[{'average_color': '13C1AC', 'urls': {'small': 'https://cdn.wallapop.com/images/10420/i1/yt/__/c10420p1091694707/i5362935187.jpg?pictureSize=W320', 'medium': 'https://cdn.wallapop.com/images/10420/i1/yt/__/c10420p1091694707/i5362935187.jpg?pictureSize=W640', 'big': 'https://cdn.wallapop.com/images/10420/i1/yt/__/c10420p1091694707/i5362935187.jpg?pictureSize=W800'}}]",{'flag': False},"{'latitude': 40.42155471027009, 'longitude': -3.688756015509273, 'postal_code': '28014', 'city': 'Madrid', 'region': 'Comunidad de Madrid', 'region2': 'Madrid', 'country_code': 'ES'}","{'item_is_shippable': True, 'user_allows_shipping': True, 'cost_configuration_id': '814429d6-7844-471d-97af-196cd4020f26'}",{'flag': False},{'type': 'none'},foco-trabajo-luz-27w-redondo-1091694707,1737354868242,1737354878562,"[{'id': 12485, 'name': 'Other', 'icon': 'ghost'}]",{'flag': True},{'flag': False},
8z8k31ro7lz3,e65yv1oy0kjo,FOCO LED 48W,"foco led 16 led 48w 4600 lumenes ideales para tractores medidas 11x11 funcionan a 12v y 24v resistentes agua polvo envios urgentes a toda espaÔøΩa contrarembolso atendemos whattsap email telefono. resistente al agua, apto para exteriores, motos, coches, quads, camiones, tractores, cosechadoras, carterpillar, vehÔøΩculos y mÔøΩquinas de trabajo, disponemos barras de led de 18w, 72W, 120W, 180W, 240w, 300W, disponemos focos redondos cuadrados rectangulares ovalados, Fendt 820 716 818 824 924 936 vario Massey ferguson 6480, 6499 , 7495 , 7480 , 6290 , 7620 , 7624 , 7499 

tercer punto john deere 7920 , 7930 , new holand , valtra , case , cla",12485,"{'amount': 15, 'currency': 'EUR'}","[{'average_color': '13C1AC', 'urls': {'small': 'https://cdn.wallapop.com/images/10420/i1/ys/__/c10420p1091694422/i5362934115.jpg?pictureSize=W320', 'medium': 'https://cdn.wallapop.com/images/10420/i1/ys/__/c10420p1091694422/i5362934115.jpg?pictureSize=W640', 'big': 'https://cdn.wallapop.com/images/10420/i1/ys/__/c10420p1091694422/i5362934115.jpg?pictureSize=W800'}}]",{'flag': False},"{'latitude': 40.42155471027009, 'longitude': -3.688756015509273, 'postal_code': '28014', 'city': 'Madrid', 'region': 'Comunidad de Madrid', 'region2': 'Madrid', 'country_code': 'ES'}","{'item_is_shippable': True, 'user_allows_shipping': True, 'cost_configuration_id': '814429d6-7844-471d-97af-196cd4020f26'}",{'flag': False},{'type': 'none'},foco-led-48w-1091694422,1737354785801,1737354796189,"[{'id': 12485, 'name': 'Other', 'icon': 'ghost'}]",{'flag': True},{'flag': False},
xzo21q2n4269,mznlgdq2x2jn,SARTEN FUNDICI√ìN CON ALZATINA MOD:599595 SERIE 2,"Voltaje: 400 V
Frecuencia: 50/60 Hz
Fases: 3N
Consumo: 15,2
Dimensiones: 1400x900x900 mm.
Peso: 268 kg.
SE VENDE EN SU ESTADO, ES NUEVA DE EXPO.
EL PRECIO ES + IVA 
",12485,"{'amount': 2998, 'currency': 'EUR'}","[{'average_color': '13C1AC', 'urls': {'small': 'https://cdn.wallapop.com/images/10420/hq/9q/__/c10420p1072049309/i5255166699.jpg?pictureSize=W320', 'medium': 'https://cdn.wallapop.com/images/10420/hq/9q/__/c10420p1072049309/i5255166699.jpg?pictureSize=W640', 'big': 'https://cdn.wallapop.com/images/10420/hq/9q/__/c10420p1072049309/i5255166699.jpg?pictureSize=W800'}}, {'average_color': '13C1AC', 'urls': {'small': 'https://cdn.wallapop.com/images/10420/hq/9q/__/c10420p1072049309/i5255166705.jpg?pictureSize=W320', 'medium': 'https://cdn.wallapop.com/images/10420/hq/9q/__/c10420p1072049309/i5255166705.jpg?pictureSize=W640', 'big': 'https://cdn.wallapop.com/images/10420/hq/9q/__/c10420p1072049309/i5255166705.jpg?pictureSize=W800'}}, {'average_color': '13C1AC', 'urls': {'small': 'https://cdn.wallapop.com/images/10420/hq/9q/__/c10420p1072049309/i5255166703.jpg?pictureSize=W320', 'medium': 'https://cdn.wallapop.com/images/10420/hq/9q/__/c10420p1072049309/i5255166703.jpg?pictureSize=W640', 'big': 'https://cdn.wallapop.com/images/10420/hq/9q/__/c10420p1072049309/i5255166703.jpg?pictureSize=W800'}}, {'average_color': '13C1AC', 'urls': {'small': 'https://cdn.wallapop.com/images/10420/hq/9q/__/c10420p1072049309/i5255166706.jpg?pictureSize=W320', 'medium': 'https://cdn.wallapop.com/images/10420/hq/9q/__/c10420p1072049309/i5255166706.jpg?pictureSize=W640', 'big': 'https://cdn.wallapop.com/images/10420/hq/9q/__/c10420p1072049309/i5255166706.jpg?pictureSize=W800'}}, {'average_color': '13C1AC', 'urls': {'small': 'https://cdn.wallapop.com/images/10420/hq/9q/__/c10420p1072049309/i5255166702.jpg?pictureSize=W320', 'medium': 'https://cdn.wallapop.com/images/10420/hq/9q/__/c10420p1072049309/i5255166702.jpg?pictureSize=W640', 'big': 'https://cdn.wallapop.com/images/10420/hq/9q/__/c10420p1072049309/i5255166702.jpg?pictureSize=W800'}}, {'average_color': '13C1AC', 'urls': {'small': 'https://cdn.wallapop.com/images/10420/hq/9q/__/c10420p1072049309/i5255166704.jpg?pictureSize=W320', 'medium': 'https://cdn.wallapop.com/images/10420/hq/9q/__/c10420p1072049309/i5255166704.jpg?pictureSize=W640', 'big': 'https://cdn.wallapop.com/images/10420/hq/9q/__/c10420p1072049309/i5255166704.jpg?pictureSize=W800'}}]",{'flag': False},"{'latitude': 40.413625127377, 'longitude': -3.696558118397145, 'postal_code': '28014', 'city': 'Madrid', 'region': 'Comunidad de Madrid', 'region2': 'Madrid', 'country_code': 'ES'}","{'item_is_shippable': False, 'user_allows_shipping': False}",{'flag': False},{'type': 'none'},sarten-fundicion-con-alzatina-mod-599595-serie-2-1072049309,1732265453261,1733124845800,"[{'id': 12485, 'name': 'Other', 'icon': 'ghost'}]",{'flag': True},{'flag': False},"{'previous_price': {'amount': 5000, 'currency': 'EUR'}, 'percentage': 40}"
v6ggx4kdel6e,e65yv1oy0kjo,foco para tractores de 48w led,"Foco led de 48w de luz blancatanto a 12v como a 24v con carcasa en aluminio y el soporte en acero inoxidable. resistente al agua, valido para tractores (ebro, fendt, massey, john deere, 6910 6920 6810 6820. . . classs, landini, renault, barreiros, todoter renos, cosechadoras, manitou, retroexcavadoras, camiones , quad, todoterreno. . camiones trailer remolques cuenta con 4800lumenes enviamos a toda espa√±a por mrw somos empresa contacte por whassap email o telefono con garantia Ja√©n granada Madrid Sevilla",12485,"{'amount': 15, 'currency': 'EUR'}","[{'average_color': '13C1AC', 'urls': {'small': 'https://cdn.wallapop.com/images/10420/i1/ys/__/c10420p1091694188/i5362933186.jpg?pictureSize=W320', 'medium': 'https://cdn.wallapop.com/images/10420/i1/ys/__/c10420p1091694188/i5362933186.jpg?pictureSize=W640', 'big': 'https://cdn.wallapop.com/images/10420/i1/ys/__/c10420p1091694188/i5362933186.jpg?pictureSize=W800'}}]",{'flag': False},"{'latitude': 40.42155471027009, 'longitude': -3.688756015509273, 'postal_code': '28014', 'city': 'Madrid', 'region': 'Comunidad de Madrid', 'region2': 'Madrid', 'country_code': 'ES'}","{'item_is_shippable': True, 'user_allows_shipping': True, 'cost_configuration_id': '814429d6-7844-471d-97af-196cd4020f26'}",{'flag': False},{'type': 'none'},foco-para-tractores-de-48w-led-1091694188,1737354711185,1737354721566,"[{'id': 12485, 'name': 'Other', 'icon': 'ghost'}]",{'flag': True},{'flag': False},
pj9m2yro3v6e,e65yv1oy0kjo,"LED TRABAJO 18W, 36W, 72W, 120W, 240W. 3",foco led tipo barra de 18w valido tanto a 12w como a 24v Energ√≠a del LED: 18W Voltaje: 10-30V DC Nivel impermeable: IP67 Temperatura de color del LED: 6000-6500 k Material de Shell: fundici√≥n de aluminio Vida √∫til: 30000 horas mandamos a toda espa√±a somos distribuidores contamos el mayor stock de espa√±a aceptamos contrarembolos tambien contamos todo tipo de led,12485,"{'amount': 10, 'currency': 'EUR'}","[{'average_color': '13C1AC', 'urls': {'small': 'https://cdn.wallapop.com/images/10420/i1/ys/__/c10420p1091693913/i5362932162.jpg?pictureSize=W320', 'medium': 'https://cdn.wallapop.com/images/10420/i1/ys/__/c10420p1091693913/i5362932162.jpg?pictureSize=W640', 'big': 'https://cdn.wallapop.com/images/10420/i1/ys/__/c10420p1091693913/i5362932162.jpg?pictureSize=W800'}}]",{'flag': False},"{'latitude': 40.42155471027009, 'longitude': -3.688756015509273, 'postal_code': '28014', 'city': 'Madrid', 'region': 'Comunidad de Madrid', 'region2': 'Madrid', 'country_code': 'ES'}","{'item_is_shippable': True, 'user_allows_shipping': True, 'cost_configuration_id': '814429d6-7844-471d-97af-196cd4020f26'}",{'flag': False},{'type': 'none'},led-trabajo-18w-36w-72w-120w-240w-3-1091693913,1737354626490,1737354636800,"[{'id': 12485, 'name': 'Other', 'icon': 'ghost'}]",{'flag': True},{'flag': False},
v6ggx4k9km6e,e65yv1oy0kjo,FOCO TRABAJO 48W 16 LED EXTRAPOTENTE..,"NUEVO Foco trabajo cuadrado de 48w, de alta potencia, 16 led x 3w, Luz de 6000K-6500K, Potente luz ideal para el trabajo. Foco led 48 w Admite trabajar con baterias de 12v a 24v, carcasa de aluminio. Proporciona visibilidad a larga distancia y a corta distancia. Resistente tiene IP67, por lo que es a prueba de polvo y lluvia, Para ser usada en pesca, camiones, tractores, camiones, gruas, maquinaria agricola, cosechadoras, excavadoras, 4 x 4, rally, todoterrenos",12485,"{'amount': 15, 'currency': 'EUR'}","[{'average_color': '13C1AC', 'urls': {'small': 'https://cdn.wallapop.com/images/10420/i1/ys/__/c10420p1091693616/i5362931038.jpg?pictureSize=W320', 'medium': 'https://cdn.wallapop.com/images/10420/i1/ys/__/c10420p1091693616/i5362931038.jpg?pictureSize=W640', 'big': 'https://cdn.wallapop.com/images/10420/i1/ys/__/c10420p1091693616/i5362931038.jpg?pictureSize=W800'}}]",{'flag': False},"{'latitude': 40.42155471027009, 'longitude': -3.688756015509273, 'postal_code': '28014', 'city': 'Madrid', 'region': 'Comunidad de Madrid', 'region2': 'Madrid', 'country_code': 'ES'}","{'item_is_shippable': True, 'user_allows_shipping': True, 'cost_configuration_id': '814429d6-7844-471d-97af-196cd4020f26'}",{'flag': False},{'type': 'none'},foco-trabajo-48w-16-led-extrapotente-1091693616,1737354532572,1737354542964,"[{'id': 12485, 'name': 'Other', 'icon': 'ghost'}]",{'flag': True},{'flag': False},
qzmewwm1qxjv,pzp9rv758k63,TEMARIO OPOSICIONES TECNOLOG√çA,"Vendo mi MATERIAL PERSONAL, con el que consegu√≠ una NOTA 8.76 en las oposiciones de TECNOLOG√çA y la PLAZA a la primera. El material, desarrollado √≠ntegramente por m√≠ mismo y adaptado a la LOMLOE, est√° listo para usarse en el examen. Incluye temas, pr√°cticos, PD y UDs con PowerPoint para facilitar la defensa. ENV√çO MUESTRAS. Aparezco en el BOJA y env√≠o foto de mi DNI para acreditar que soy yo.",12485,"{'amount': 250, 'currency': 'EUR'}","[{'average_color': '13C1AC', 'urls': {'small': 'https://cdn.wallapop.com/images/10420/hq/2t/__/c10420p1071726880/i5253670150.jpg?pictureSize=W320', 'medium': 'https://cdn.wallapop.com/images/10420/hq/2t/__/c10420p1071726880/i5253670150.jpg?pictureSize=W640', 'big': 'https://cdn.wallapop.com/images/10420/hq/2t/__/c10420p1071726880/i5253670150.jpg?pictureSize=W800'}}, {'average_color': '13C1AC', 'urls': {'small': 'https://cdn.wallapop.com/images/10420/hq/2t/__/c10420p1071726880/i5253670123.jpg?pictureSize=W320', 'medium': 'https://cdn.wallapop.com/images/10420/hq/2t/__/c10420p1071726880/i5253670123.jpg?pictureSize=W640', 'big': 'https://cdn.wallapop.com/images/10420/hq/2t/__/c10420p1071726880/i5253670123.jpg?pictureSize=W800'}}, {'average_color': '13C1AC', 'urls': {'small': 'https://cdn.wallapop.com/images/10420/hq/2t/__/c10420p1071726880/i5334125849.jpg?pictureSize=W320', 'medium': 'https://cdn.wallapop.com/images/10420/hq/2t/__/c10420p1071726880/i5334125849.jpg?pictureSize=W640', 'big': 'https://cdn.wallapop.com/images/10420/hq/2t/__/c10420p1071726880/i5334125849.jpg?pictureSize=W800'}}, {'average_color': '13C1AC', 'urls': {'small': 'https://cdn.wallapop.com/images/10420/hq/2t/__/c10420p1071726880/i5334128251.jpg?pictureSize=W320', 'medium': 'https://cdn.wallapop.com/images/10420/hq/2t/__/c10420p1071726880/i5334128251.jpg?pictureSize=W640', 'big': 'https://cdn.wallapop.com/images/10420/hq/2t/__/c10420p1071726880/i5334128251.jpg?pictureSize=W800'}}, {'average_color': '13C1AC', 'urls': {'small': 'https://cdn.wallapop.com/images/10420/hq/2t/__/c10420p1071726880/i5253670148.jpg?pictureSize=W320', 'medium': 'https://cdn.wallapop.com/images/10420/hq/2t/__/c10420p1071726880/i5253670148.jpg?pictureSize=W640', 'big': 'https://cdn.wallapop.com/images/10420/hq/2t/__/c10420p1071726880/i5253670148.jpg?pictureSize=W800'}}, {'average_color': '13C1AC', 'urls': {'small': 'https://cdn.wallapop.com/images/10420/hq/2t/__/c10420p1071726880/i5334139057.jpg?pictureSize=W320', 'medium': 'https://cdn.wallapop.com/images/10420/hq/2t/__/c10420p1071726880/i5334139057.jpg?pictureSize=W640', 'big': 'https://cdn.wallapop.com/images/10420/hq/2t/__/c10420p1071726880/i5334139057.jpg?pictureSize=W800'}}]",{'flag': False},"{'latitude': 40.41813421684306, 'longitude': -3.6985769813141585, 'postal_code': '28070', 'city': 'Madrid', 'region': 'Comunidad de Madrid', 'region2': 'Madrid', 'country_code': 'ES'}","{'item_is_shippable': True, 'user_allows_shipping': True, 'cost_configuration_id': '814429d6-7844-471d-97af-196cd4020f26'}",{'flag': False},{'type': 'country'},temario-oposiciones-tecnologia-1071726880,1732179964397,1736498539379,"[{'id': 12485, 'name': 'Other', 'icon': 'ghost'}]",{'flag': True},{'flag': False},
nz04pm2597jo,e65yv1oy0kjo,"Foco trabajo redondo de 48w,","Foco trabajo redondo de 48w, de alta capacidad, 14 led x 3w, Luz de 6000K-6500K, Admite trabajar con baterias de 12v a 24v, carcasa de aluminio. Foco led 42 w Proporciona visibilidad a larga distancia y a corta distancia, Foco 48w es fuerte tiene IP67, por lo que es a prueba de polvo y lluvia, Para ser utilizada en pesca, camiones, tractores, camiones, gruas, maquinaria agricola, cosechadoras, excavadoras, 4 x 4 , rally, todoterrenos, remolques camping",12485,"{'amount': 15, 'currency': 'EUR'}","[{'average_color': '13C1AC', 'urls': {'small': 'https://cdn.wallapop.com/images/10420/i1/ys/__/c10420p1091693399/i5362930170.jpg?pictureSize=W320', 'medium': 'https://cdn.wallapop.com/images/10420/i1/ys/__/c10420p1091693399/i5362930170.jpg?pictureSize=W640', 'big': 'https://cdn.wallapop.com/images/10420/i1/ys/__/c10420p1091693399/i5362930170.jpg?pictureSize=W800'}}]",{'flag': False},"{'latitude': 40.42155471027009, 'longitude': -3.688756015509273, 'postal_code': '28014', 'city': 'Madrid', 'region': 'Comunidad de Madrid', 'region2': 'Madrid', 'country_code': 'ES'}","{'item_is_shippable': True, 'user_allows_shipping': True, 'cost_configuration_id': '814429d6-7844-471d-97af-196cd4020f26'}",{'flag': False},{'type': 'none'},foco-trabajo-redondo-de-48w-1091693399,1737354469640,1737354479974,"[{'id': 12485, 'name': 'Other', 'icon': 'ghost'}]",{'flag': True},{'flag': False},
36e17woloqjd,e65yv1oy0kjo,PILOTOS TRASEROS REMOLQUE,"juego de 2 pilotos traseros para camiones, interfaces, remolque, en 24 incluye bombillas listo para sustituir solo vendemosen pareja precio pareja 89 euros enviamos a toda espaÔøΩa aceptamos contrarembolso atendemos whattsap enviamos a la rioja teruel huesca palencia asturias badajoz jaen granada etc.",12485,"{'amount': 85, 'currency': 'EUR'}","[{'average_color': '13C1AC', 'urls': {'small': 'https://cdn.wallapop.com/images/10420/i1/yr/__/c10420p1091693063/i5362928871.jpg?pictureSize=W320', 'medium': 'https://cdn.wallapop.com/images/10420/i1/yr/__/c10420p1091693063/i5362928871.jpg?pictureSize=W640', 'big': 'https://cdn.wallapop.com/images/10420/i1/yr/__/c10420p1091693063/i5362928871.jpg?pictureSize=W800'}}]",{'flag': False},"{'latitude': 40.42155471027009, 'longitude': -3.688756015509273, 'postal_code': '28014', 'city': 'Madrid', 'region': 'Comunidad de Madrid', 'region2': 'Madrid', 'country_code': 'ES'}","{'item_is_shippable': True, 'user_allows_shipping': True, 'cost_configuration_id': '814429d6-7844-471d-97af-196cd4020f26'}",{'flag': False},{'type': 'none'},pilotos-traseros-remolque-1091693063,1737354369796,1737354380091,"[{'id': 12485, 'name': 'Other', 'icon': 'ghost'}]",{'flag': True},{'flag': False},
qzmed4vlgojv,e65yv1oy0kjo,VENDO KIT H3 LED SOMOS EMPRESA;,"kit h3 led 3600 lumenes por lampara lo perfecto para no generar deslumbramientos electroventilador para refrigeracion y balastro con sitema canbus, luz 6000k blnca brillante, luz parecida al xenon proporciona las mismas prestaciones pero consumiendo menos y teniendo luz al instante, se envia a toda espa√±a somos empresa ofrecemos factura de compra, art√≠culos garantizados, atendemos whattsap correo electr√≥nico telefono 365 dias al a√±o mas de 1300 clientes del servicio en espa√±a. sevilla guipuzcoa almeria jaen salamanca etc.. . ledh1 led h3 led hh7 led h4 led h11",12485,"{'amount': 60, 'currency': 'EUR'}","[{'average_color': '13C1AC', 'urls': {'small': 'https://cdn.wallapop.com/images/10420/i1/yr/__/c10420p1091692808/i5362927814.jpg?pictureSize=W320', 'medium': 'https://cdn.wallapop.com/images/10420/i1/yr/__/c10420p1091692808/i5362927814.jpg?pictureSize=W640', 'big': 'https://cdn.wallapop.com/images/10420/i1/yr/__/c10420p1091692808/i5362927814.jpg?pictureSize=W800'}}]",{'flag': False},"{'latitude': 40.42155471027009, 'longitude': -3.688756015509273, 'postal_code': '28014', 'city': 'Madrid', 'region': 'Comunidad de Madrid', 'region2': 'Madrid', 'country_code': 'ES'}","{'item_is_shippable': True, 'user_allows_shipping': True, 'cost_configuration_id': '814429d6-7844-471d-97af-196cd4020f26'}",{'flag': False},{'type': 'none'},vendo-kit-h3-led-somos-empresa-1091692808,1737354296998,1737354307390,"[{'id': 12485, 'name': 'Other', 'icon': 'ghost'}]",{'flag': True},{'flag': False},
v6gg58e0vl6e,0j2yq0qvevzy,Rollons de apoyos con aceites esenciales ,"Quieres saber cono apoyarte y apoyar a los que mas quieres con lo mas natural, te ense√±o y te ayudo a obtener aceites esneciales de doterra, que te ayudaran a tener una mejor calidad de vida.",12485,"{'amount': 20, 'currency': 'EUR'}","[{'average_color': '13C1AC', 'urls': {'small': 'https://cdn.wallapop.com/images/10420/i1/cw/__/c10420p1090672988/i5358388904.jpg?pictureSize=W320', 'medium': 'https://cdn.wallapop.com/images/10420/i1/cw/__/c10420p1090672988/i5358388904.jpg?pictureSize=W640', 'big': 'https://cdn.wallapop.com/images/10420/i1/cw/__/c10420p1090672988/i5358388904.jpg?pictureSize=W800'}}, {'average_color': '13C1AC', 'urls': {'small': 'https://cdn.wallapop.com/images/10420/i1/cw/__/c10420p1090672988/i5358388939.jpg?pictureSize=W320', 'medium': 'https://cdn.wallapop.com/images/10420/i1/cw/__/c10420p1090672988/i5358388939.jpg?pictureSize=W640', 'big': 'https://cdn.wallapop.com/images/10420/i1/cw/__/c10420p1090672988/i5358388939.jpg?pictureSize=W800'}}, {'average_color': '13C1AC', 'urls': {'small': 'https://cdn.wallapop.com/images/10420/i1/cw/__/c10420p1090672988/i5358388927.jpg?pictureSize=W320', 'medium': 'https://cdn.wallapop.com/images/10420/i1/cw/__/c10420p1090672988/i5358388927.jpg?pictureSize=W640', 'big': 'https://cdn.wallapop.com/images/10420/i1/cw/__/c10420p1090672988/i5358388927.jpg?pictureSize=W800'}}, {'average_color': '13C1AC', 'urls': {'small': 'https://cdn.wallapop.com/images/10420/i1/cw/__/c10420p1090672988/i5358388947.jpg?pictureSize=W320', 'medium': 'https://cdn.wallapop.com/images/10420/i1/cw/__/c10420p1090672988/i5358388947.jpg?pictureSize=W640', 'big': 'https://cdn.wallapop.com/images/10420/i1/cw/__/c10420p1090672988/i5358388947.jpg?pictureSize=W800'}}, {'average_color': '13C1AC', 'urls': {'small': 'https://cdn.wallapop.com/images/10420/i1/cw/__/c10420p1090672988/i5358388930.jpg?pictureSize=W320', 'medium': 'https://cdn.wallapop.com/images/10420/i1/cw/__/c10420p1090672988/i5358388930.jpg?pictureSize=W640', 'big': 'https://cdn.wallapop.com/images/10420/i1/cw/__/c10420p1090672988/i5358388930.jpg?pictureSize=W800'}}, {'average_color': '13C1AC', 'urls': {'small': 'https://cdn.wallapop.com/images/10420/i1/cw/__/c10420p1090672988/i5358388941.jpg?pictureSize=W320', 'medium': 'https://cdn.wallapop.com/images/10420/i1/cw/__/c10420p1090672988/i5358388941.jpg?pictureSize=W640', 'big': 'https://cdn.wallapop.com/images/10420/i1/cw/__/c10420p1090672988/i5358388941.jpg?pictureSize=W800'}}]",{'flag': False},"{'latitude': 40.4192127, 'longitude': -3.692517, 'postal_code': '28014', 'city': 'Madrid', 'region': 'Comunidad de Madrid', 'region2': 'Madrid', 'country_code': 'ES'}","{'item_is_shippable': True, 'user_allows_shipping': True}",{'flag': False},{'type': 'city'},rollons-de-apoyos-con-aceites-esenciales-1090672988,1737118830325,1737119820745,"[{'id': 12485, 'name': 'Other', 'icon': 'ghost'}]",{'flag': True},{'flag': False},
x6qmgyn78qjy,e65yv1oy0kjo,63117434274 Centralita faros xenon BMW,"63117434274 centralita faros xenon bmw serie 3 f30
envios 24h contrarembolso  balastros compatibles zmr nuevos y usados 1 a√±o de garantia pregunta sin 

compromiso atendemos whatsapp
centralita faros xenon bmw serie 3 lim. (f30) , a√±o: 2015 007042008136003.
referencia : 63117434273,7434273,
observaciones: 63117434274 unidad de mando electronica luz frontal 63117434274 63118494844 63117492028 

63117457875 63117444685 para faro led.
ref fabricante: 63117434273
n√∫mero de pieza: 63117457875; 63117428775; 63117429126; 63117429788; 63117434274; 63117444685; 63117428776; 

63117429127; 63117429789
bmw serie 3 f30 f31 lci",12485,"{'amount': 90, 'currency': 'EUR'}","[{'average_color': '13C1AC', 'urls': {'small': 'https://cdn.wallapop.com/images/10420/i1/yr/__/c10420p1091692590/i5362926983.jpg?pictureSize=W320', 'medium': 'https://cdn.wallapop.com/images/10420/i1/yr/__/c10420p1091692590/i5362926983.jpg?pictureSize=W640', 'big': 'https://cdn.wallapop.com/images/10420/i1/yr/__/c10420p1091692590/i5362926983.jpg?pictureSize=W800'}}]",{'flag': False},"{'latitude': 40.42155471027009, 'longitude': -3.688756015509273, 'postal_code': '28014', 'city': 'Madrid', 'region': 'Comunidad de Madrid', 'region2': 'Madrid', 'country_code': 'ES'}","{'item_is_shippable': True, 'user_allows_shipping': True, 'cost_configuration_id': '814429d6-7844-471d-97af-196cd4020f26'}",{'flag': False},{'type': 'none'},63117434274-centralita-faros-xenon-bmw-1091692590,1737354231755,1737354242214,"[{'id': 12485, 'name': 'Other', 'icon': 'ghost'}]",{'flag': True},{'flag': False},
pzp2e950kkj3,e65yv1oy0kjo,VENDO FAROS FOCOS LED 48W REDONDOS::,"Focos led 48w redondos s√≥lidos gran chorro de luz a bajo consumo ( 12v-24v)43000 lumens, 6500k, gran √°ngulo de iluminaci√≥n 60grados. Cuerpo de aluminio sellado, estriado con disipador de calor, particular para soportar temperaturas extremas e impermeables. Incluye foco y aguantes para su fijaci√≥n en tu quad, embarcaci√≥n, tractor, excavadora, todo lote o cami√≥n. precio por unidad. Garant√≠a.",12485,"{'amount': 15, 'currency': 'EUR'}","[{'average_color': '13C1AC', 'urls': {'small': 'https://cdn.wallapop.com/images/10420/i1/yr/__/c10420p1091692374/i5362926167.jpg?pictureSize=W320', 'medium': 'https://cdn.wallapop.com/images/10420/i1/yr/__/c10420p1091692374/i5362926167.jpg?pictureSize=W640', 'big': 'https://cdn.wallapop.com/images/10420/i1/yr/__/c10420p1091692374/i5362926167.jpg?pictureSize=W800'}}]",{'flag': False},"{'latitude': 40.42155471027009, 'longitude': -3.688756015509273, 'postal_code': '28014', 'city': 'Madrid', 'region': 'Comunidad de Madrid', 'region2': 'Madrid', 'country_code': 'ES'}","{'item_is_shippable': True, 'user_allows_shipping': True, 'cost_configuration_id': '814429d6-7844-471d-97af-196cd4020f26'}",{'flag': False},{'type': 'none'},vendo-faros-focos-led-48w-redondos-1091692374,1737354165007,1737354175301,"[{'id': 12485, 'name': 'Other', 'icon': 'ghost'}]",{'flag': True},{'flag': False},
v6ggx4kwln6e,e65yv1oy0kjo,FOCO DE TRABAJO LED 48 W SOMOS EMPRESA,"foco led 24 led 48w 4600 lumenes ideales para tractores medidas 11x11, funcionana a 12v y 24v resistentes agua polvo, envios urgentes a toda espaÔøΩa contrarembolso atendemos whattsap email telefono. tractores cosechadoras atomizador palas remolque camion quads atv. luz blanca gana el doble de vision garantia resistente al agua, apto para exteriores, motos, coches, quads, camiones, tractores, cosechadoras, cupra tdi, cupra, leon, fr, s3, s4, rs6, turbo, impreza, wrx,sti, evo audi bmw seat volkswagen bmw renault : saxo, ax, zx, xsara, xantia, focus, probe, mondeo, 106, 205, 206, 306, 307 clio, espace, fluence, kangoo, koleos, laguna, m",12485,"{'amount': 15, 'currency': 'EUR'}","[{'average_color': '13C1AC', 'urls': {'small': 'https://cdn.wallapop.com/images/10420/i1/yr/__/c10420p1091692140/i5362925265.jpg?pictureSize=W320', 'medium': 'https://cdn.wallapop.com/images/10420/i1/yr/__/c10420p1091692140/i5362925265.jpg?pictureSize=W640', 'big': 'https://cdn.wallapop.com/images/10420/i1/yr/__/c10420p1091692140/i5362925265.jpg?pictureSize=W800'}}]",{'flag': False},"{'latitude': 40.42155471027009, 'longitude': -3.688756015509273, 'postal_code': '28014', 'city': 'Madrid', 'region': 'Comunidad de Madrid', 'region2': 'Madrid', 'country_code': 'ES'}","{'item_is_shippable': True, 'user_allows_shipping': True, 'cost_configuration_id': '814429d6-7844-471d-97af-196cd4020f26'}",{'flag': False},{'type': 'none'},foco-de-trabajo-led-48-w-somos-empresa-1091692140,1737354096340,1737354106814,"[{'id': 12485, 'name': 'Other', 'icon': 'ghost'}]",{'flag': True},{'flag': False},
p6143p121765,kmzng9o0kk6n,Smoov One 10,"- Smoov One 10 km/h
- Mando de control innalambrico. 
- Cargador de Smoov y mando de control
- 2 soportes del mando de control para dos sillas. 
- 2 barras de anclaje (3 medidas cada una)
- Maletin nuevo. 

Batec, silla de ruedas. ",12485,"{'amount': 2750, 'currency': 'EUR'}","[{'average_color': '13C1AC', 'urls': {'small': 'https://cdn.wallapop.com/images/10420/i1/6u/__/c10420p1090390755/i5357189329.jpg?pictureSize=W320', 'medium': 'https://cdn.wallapop.com/images/10420/i1/6u/__/c10420p1090390755/i5357189329.jpg?pictureSize=W640', 'big': 'https://cdn.wallapop.com/images/10420/i1/6u/__/c10420p1090390755/i5357189329.jpg?pictureSize=W800'}}, {'average_color': '13C1AC', 'urls': {'small': 'https://cdn.wallapop.com/images/10420/i1/6u/__/c10420p1090390755/i5357189322.jpg?pictureSize=W320', 'medium': 'https://cdn.wallapop.com/images/10420/i1/6u/__/c10420p1090390755/i5357189322.jpg?pictureSize=W640', 'big': 'https://cdn.wallapop.com/images/10420/i1/6u/__/c10420p1090390755/i5357189322.jpg?pictureSize=W800'}}, {'average_color': '13C1AC', 'urls': {'small': 'https://cdn.wallapop.com/images/10420/i1/6u/__/c10420p1090390755/i5358586827.jpg?pictureSize=W320', 'medium': 'https://cdn.wallapop.com/images/10420/i1/6u/__/c10420p1090390755/i5358586827.jpg?pictureSize=W640', 'big': 'https://cdn.wallapop.com/images/10420/i1/6u/__/c10420p1090390755/i5358586827.jpg?pictureSize=W800'}}, {'average_color': '13C1AC', 'urls': {'small': 'https://cdn.wallapop.com/images/10420/i1/6u/__/c10420p1090390755/i5358586814.jpg?pictureSize=W320', 'medium': 'https://cdn.wallapop.com/images/10420/i1/6u/__/c10420p1090390755/i5358586814.jpg?pictureSize=W640', 'big': 'https://cdn.wallapop.com/images/10420/i1/6u/__/c10420p1090390755/i5358586814.jpg?pictureSize=W800'}}]",{'flag': False},"{'latitude': 40.4192127, 'longitude': -3.692517, 'postal_code': '28014', 'city': 'Madrid', 'region': 'Comunidad de Madrid', 'region2': 'Madrid', 'country_code': 'ES'}","{'item_is_shippable': False, 'user_allows_shipping': False}",{'flag': False},{'type': 'city'},smoov-one-10-1090390755,1737050837177,1737394695630,"[{'id': 12485, 'name': 'Other', 'icon': 'ghost'}]",{'flag': True},{'flag': False},
8j34wy21g769,e65yv1oy0kjo,A2189009103 modulo mercedes,"Centralitas nuevas y usadas envios 24h 
mercedes-benz c-class w204 11-14 a2189009103 m√ìdulo de potencia led drl unidad de control lear bi-xenon faros delanteros lam-b a 218 900 91 03 2189009103
mercedes-benz c-class w204 lear drl lam-b m√≥dulo de controlador de faro
para veh√≠culos con faro led bi-xenon

lear a2189009103 lam-b 524742f06 
unidad de control m√≥dulo insertar ecu de lastre de computadora

n√∫mero de pieza:
a2189000002 - a 218 900 00 02 - 2189000002
a2189009901 - a 218 900 99 01 - 2189009901
a2189009600 - a 218 900 96 00 - 2189009600
a2189009103 - a 218 900 91 03 - 2189009103

adecuado para:
mercedes benz  w204 2010 - 2014",12485,"{'amount': 110, 'currency': 'EUR'}","[{'average_color': '13C1AC', 'urls': {'small': 'https://cdn.wallapop.com/images/10420/i1/yq/__/c10420p1091691934/i5362924478.jpg?pictureSize=W320', 'medium': 'https://cdn.wallapop.com/images/10420/i1/yq/__/c10420p1091691934/i5362924478.jpg?pictureSize=W640', 'big': 'https://cdn.wallapop.com/images/10420/i1/yq/__/c10420p1091691934/i5362924478.jpg?pictureSize=W800'}}]",{'flag': False},"{'latitude': 40.42155471027009, 'longitude': -3.688756015509273, 'postal_code': '28014', 'city': 'Madrid', 'region': 'Comunidad de Madrid', 'region2': 'Madrid', 'country_code': 'ES'}","{'item_is_shippable': True, 'user_allows_shipping': True, 'cost_configuration_id': '814429d6-7844-471d-97af-196cd4020f26'}",{'flag': False},{'type': 'none'},a2189009103-modulo-mercedes-1091691934,1737354031950,1737354042436,"[{'id': 12485, 'name': 'Other', 'icon': 'ghost'}]",{'flag': True},{'flag': False},
3zl82gdn2q6x,nz0mmp4rnvjo,balastro luz diurna - 8K0907472A-,"centralita luz diurna para los siguientes modelos 8K0907472A
OEN 8K0907472 ‚Äî AUDI
OEN 8K0907472A ‚Äî AUDI

2009-2014 audi A4
2009-2014 audi A4 qUATTRO
2009-2013 audi S4",12485,"{'amount': 100, 'currency': 'EUR'}","[{'average_color': '13C1AC', 'urls': {'small': 'https://cdn.wallapop.com/images/10420/i1/ym/__/c10420p1091686893/i5362906178.jpg?pictureSize=W320', 'medium': 'https://cdn.wallapop.com/images/10420/i1/ym/__/c10420p1091686893/i5362906178.jpg?pictureSize=W640', 'big': 'https://cdn.wallapop.com/images/10420/i1/ym/__/c10420p1091686893/i5362906178.jpg?pictureSize=W800'}}]",{'flag': False},"{'latitude': 40.412431480315185, 'longitude': -3.6819548340338386, 'postal_code': '28014', 'city': 'Madrid', 'region': 'Comunidad de Madrid', 'region2': 'Madrid', 'country_code': 'ES'}","{'item_is_shippable': True, 'user_allows_shipping': True, 'cost_configuration_id': '814429d6-7844-471d-97af-196cd4020f26'}",{'flag': False},{'type': 'none'},balastro-luz-diurna-8k0907472a-1091686893,1737352612881,1737352623101,"[{'id': 12485, 'name': 'Other', 'icon': 'ghost'}]",{'flag': True},{'flag': False},
qjw4wy1qn4zo,nz0mmp4rnvjo,BALASTRO 10R034663 HYUNDAI LAND ROVER FORD,"Balastro centralita transformador de xenon valida para: HYUNDAI SONATA 2014 2012-2014 LAND ROVER: Range Rover Evoque 2012-2014 JAGUAR: XF and XFR 2012-2014 HYUNDAI Santa Fe 2013-2014 Tesla S 2012-2014 FORD Focus mk3 2011-2012 Referencias compatibles: 10r034663 ,35XT5-D1, A71177E00DG, 83110009044",12485,"{'amount': 65, 'currency': 'EUR'}","[{'average_color': '13C1AC', 'urls': {'small': 'https://cdn.wallapop.com/images/10420/i1/ym/__/c10420p1091686805/i5362905258.jpg?pictureSize=W320', 'medium': 'https://cdn.wallapop.com/images/10420/i1/ym/__/c10420p1091686805/i5362905258.jpg?pictureSize=W640', 'big': 'https://cdn.wallapop.com/images/10420/i1/ym/__/c10420p1091686805/i5362905258.jpg?pictureSize=W800'}}]",{'flag': False},"{'latitude': 40.412431480315185, 'longitude': -3.6819548340338386, 'postal_code': '28014', 'city': 'Madrid', 'region': 'Comunidad de Madrid', 'region2': 'Madrid', 'country_code': 'ES'}","{'item_is_shippable': True, 'user_allows_shipping': True, 'cost_configuration_id': '814429d6-7844-471d-97af-196cd4020f26'}",{'flag': False},{'type': 'none'},balastro-10r034663-hyundai-land-rover-ford-1091686805,1737352551206,1737352561496,"[{'id': 12485, 'name': 'Other', 'icon': 'ghost'}]",{'flag': True},{'flag': False},
e658ky14mm6o,npj9nmevvze7,xTool m1 ultra 20w pack deluxe ,"¬°Atenci√≥n, creadores y artesanos! üé®
consigue la xtool m1 ultra pack deluxe !

¬°Presentamos la xTool M1 Ultra, la primera m√°quina 4 en 1 del mundo! üöÄ

¬øEst√°s listo para llevar tus proyectos al siguiente nivel? La xTool M1 Ultra combina:
	‚Ä¢	Corte l√°ser: Potente l√°ser de 20W para cortar y grabar con precisi√≥n en m√°s de 1.000 materiales, incluyendo madera, cuero, tela y metal.
	‚Ä¢	Corte con cuchilla: Ideal para vinilos, papeles y materiales finos, ofreciendo cortes limpios y detallados.
	‚Ä¢	Impresi√≥n a tinta: Crea impresiones detalladas en diversos materiales, ampliando tus posibilidades creativas.
	‚Ä¢	Dibujo con rotulador: Perfecto para realizar marcados y trazados exactos en tus proyectos.

Caracter√≠sticas destacadas:
	‚Ä¢	√Årea de trabajo: 300 mm x 300 mm, suficiente para proyectos de diversos tama√±os. Ôøº
	‚Ä¢	Software intuitivo: xTool Creative Space facilita la gesti√≥n de tus proyectos de dise√±o, corte y grabado.
	‚Ä¢	Dise√±o compacto: Dimensiones de 620 mm x 498 mm x 178 mm y un peso de 12 kg, ideal para cualquier espacio de trabajo. Ôøº

¬°No pierdas la oportunidad de transformar tus ideas en realidad con la xTool M1 Ultra! Disponible en Wallapop Espa√±a. ¬°Hazte con la tuya y lleva tu creatividad al m√°ximo! üéâ

¬øTienes preguntas? ¬°Cont√°ctanos y estaremos encantados de ayudarte! o comprala directamente en nuestra web !üßë‚Äçüíª

üí∞quieres financiacion ? eres sl o autonomo pregunta por nuestro renting tecnologico y desgravate el 100% üß®
y si eres persona fisica con nomina ??? Tambien podemos financiarte el equipo hasta 24 meses !

",12485,"{'amount': 1799, 'currency': 'EUR'}","[{'average_color': '13C1AC', 'urls': {'small': 'https://cdn.wallapop.com/images/10420/hx/a7/__/c10420p1083828672/i5321880734.jpg?pictureSize=W320', 'medium': 'https://cdn.wallapop.com/images/10420/hx/a7/__/c10420p1083828672/i5321880734.jpg?pictureSize=W640', 'big': 'https://cdn.wallapop.com/images/10420/hx/a7/__/c10420p1083828672/i5321880734.jpg?pictureSize=W800'}}, {'average_color': '13C1AC', 'urls': {'small': 'https://cdn.wallapop.com/images/10420/hx/a7/__/c10420p1083828672/i5321880739.jpg?pictureSize=W320', 'medium': 'https://cdn.wallapop.com/images/10420/hx/a7/__/c10420p1083828672/i5321880739.jpg?pictureSize=W640', 'big': 'https://cdn.wallapop.com/images/10420/hx/a7/__/c10420p1083828672/i5321880739.jpg?pictureSize=W800'}}, {'average_color': '13C1AC', 'urls': {'small': 'https://cdn.wallapop.com/images/10420/hx/a7/__/c10420p1083828672/i5321880741.jpg?pictureSize=W320', 'medium': 'https://cdn.wallapop.com/images/10420/hx/a7/__/c10420p1083828672/i5321880741.jpg?pictureSize=W640', 'big': 'https://cdn.wallapop.com/images/10420/hx/a7/__/c10420p1083828672/i5321880741.jpg?pictureSize=W800'}}, {'average_color': '13C1AC', 'urls': {'small': 'https://cdn.wallapop.com/images/10420/hx/a7/__/c10420p1083828672/i5321880740.jpg?pictureSize=W320', 'medium': 'https://cdn.wallapop.com/images/10420/hx/a7/__/c10420p1083828672/i5321880740.jpg?pictureSize=W640', 'big': 'https://cdn.wallapop.com/images/10420/hx/a7/__/c10420p1083828672/i5321880740.jpg?pictureSize=W800'}}, {'average_color': '13C1AC', 'urls': {'small': 'https://cdn.wallapop.com/images/10420/hx/a7/__/c10420p1083828672/i5322458821.jpg?pictureSize=W320', 'medium': 'https://cdn.wallapop.com/images/10420/hx/a7/__/c10420p1083828672/i5322458821.jpg?pictureSize=W640', 'big': 'https://cdn.wallapop.com/images/10420/hx/a7/__/c10420p1083828672/i5322458821.jpg?pictureSize=W800'}}, {'average_color': '13C1AC', 'urls': {'small': 'https://cdn.wallapop.com/images/10420/hx/a7/__/c10420p1083828672/i5323821190.jpg?pictureSize=W320', 'medium': 'https://cdn.wallapop.com/images/10420/hx/a7/__/c10420p1083828672/i5323821190.jpg?pictureSize=W640', 'big': 'https://cdn.wallapop.com/images/10420/hx/a7/__/c10420p1083828672/i5323821190.jpg?pictureSize=W800'}}, {'average_color': '13C1AC', 'urls': {'small': 'https://cdn.wallapop.com/images/10420/hx/a7/__/c10420p1083828672/i5323821182.jpg?pictureSize=W320', 'medium': 'https://cdn.wallapop.com/images/10420/hx/a7/__/c10420p1083828672/i5323821182.jpg?pictureSize=W640', 'big': 'https://cdn.wallapop.com/images/10420/hx/a7/__/c10420p1083828672/i5323821182.jpg?pictureSize=W800'}}]",{'flag': False},"{'latitude': 40.42651211472085, 'longitude': -3.6868855555818127, 'postal_code': '28014', 'city': 'Madrid', 'region': 'Comunidad de Madrid', 'region2': 'Madrid', 'country_code': 'ES'}","{'item_is_shippable': True, 'user_allows_shipping': True, 'cost_configuration_id': '814429d6-7844-471d-97af-196cd4020f26'}",{'flag': False},{'type': 'country'},xtool-m1-ultra-1083828672,1735561842381,1737069128183,"[{'id': 12485, 'name': 'Other', 'icon': 'ghost'}]",{'flag': True},{'flag': False},
mzn2kle00kzn,nz0mmp4rnvjo,A2059005010 unidad de control,"Balastro led - m√≥dulo led - unidad de control led - m√≥dulo de luz principal led -para mercedes-benz c clase w205 2013- led a20590050 10 q04 / a2059013203 a2229028201 se envia a toda espa√±a c-klasse coupe c205 ab 2015 c-klasse cabrio a205 ab 2015 c-klasse t-modell s205 ab 2014 c-klasse limousine w205 v205 ab 2014 a2059005010 a205 900 50 10 2059005010, a2059005616 a205 900 56 16 2059005616, ils voll led teil, a2059006805 a205 900 68 05 2059006805 balastro xenon bmw serie 1 ,balastro xenon audi ,balastro xenon seat,balastro xenon toyota,balastro xenon nissan,balastro xenon opel,balastro xenon bmw,balastro xenon Chevrolet,balastro xenon",12485,"{'amount': 120, 'currency': 'EUR'}","[{'average_color': '13C1AC', 'urls': {'small': 'https://cdn.wallapop.com/images/10420/i1/ym/__/c10420p1091686697/i5362904419.jpg?pictureSize=W320', 'medium': 'https://cdn.wallapop.com/images/10420/i1/ym/__/c10420p1091686697/i5362904419.jpg?pictureSize=W640', 'big': 'https://cdn.wallapop.com/images/10420/i1/ym/__/c10420p1091686697/i5362904419.jpg?pictureSize=W800'}}]",{'flag': False},"{'latitude': 40.412431480315185, 'longitude': -3.6819548340338386, 'postal_code': '28014', 'city': 'Madrid', 'region': 'Comunidad de Madrid', 'region2': 'Madrid', 'country_code': 'ES'}","{'item_is_shippable': True, 'user_allows_shipping': True, 'cost_configuration_id': '814429d6-7844-471d-97af-196cd4020f26'}",{'flag': False},{'type': 'none'},a2059005010-unidad-de-control-1091686697,1737352468482,1737352478868,"[{'id': 12485, 'name': 'Other', 'icon': 'ghost'}]",{'flag': True},{'flag': False},
0j247ygq3mzy,nz0mmp4rnvjo,modulo para BMW F20 F21 7316145,"balastros nuevos y usados 1 a√±o de garantia envio contrarembolso a toda espa√±a 24h
M√≥dulo Interruptor Faro de la bola Faro principal para BMW F20 F21 1 Series (2011-2015), 7316145
Fabricante de piezas OEM:	Lear
N√∫mero de pieza OEM:	535215804; 5564065
Marca de coche:	BMW
N√∫mero de pieza fabricante de autom√≥viles:	63117316145; 63117304063; 63117305238
Modelo:	1 Serie F20 F21 PRE-FACELIFT
Para los a√±os modelo:	2011,2012,2013,2015,
disponemos de todo en centralitas xenon modulo xenon modulo afs encendedor xenon  balastros modulos led diurna balastro xenon bmw serie 1 ,balastro xenon audi ,balastro xenon seat,balastro xenon toyota,balast",12485,"{'amount': 90, 'currency': 'EUR'}","[{'average_color': '13C1AC', 'urls': {'small': 'https://cdn.wallapop.com/images/10420/i1/ym/__/c10420p1091686583/i5362903617.jpg?pictureSize=W320', 'medium': 'https://cdn.wallapop.com/images/10420/i1/ym/__/c10420p1091686583/i5362903617.jpg?pictureSize=W640', 'big': 'https://cdn.wallapop.com/images/10420/i1/ym/__/c10420p1091686583/i5362903617.jpg?pictureSize=W800'}}]",{'flag': False},"{'latitude': 40.412431480315185, 'longitude': -3.6819548340338386, 'postal_code': '28014', 'city': 'Madrid', 'region': 'Comunidad de Madrid', 'region2': 'Madrid', 'country_code': 'ES'}","{'item_is_shippable': True, 'user_allows_shipping': True, 'cost_configuration_id': '814429d6-7844-471d-97af-196cd4020f26'}",{'flag': False},{'type': 'none'},modulo-para-bmw-f20-f21-7316145-1091686583,1737352392133,1737352402569,"[{'id': 12485, 'name': 'Other', 'icon': 'ghost'}]",{'flag': True},{'flag': False},
mzn2kleor0zn,nz0mmp4rnvjo,BALASTRO DE XENON 130732915602 MERCEDES,"Balastro de xen√≥n, tambi√©n denominado centralita, unidad de control, transformador de xen√≥n, o l√°mpara de descarga de gas, para Mercedes-Benz:

C300 (2008-2009)
C350 (2008-2009)
C63 AMG (2008-2009)
Referencias compatibles: 130732915602, 2048203285",12485,"{'amount': 120, 'currency': 'EUR'}","[{'average_color': '13C1AC', 'urls': {'small': 'https://cdn.wallapop.com/images/10420/i1/ym/__/c10420p1091686425/i5362902409.jpg?pictureSize=W320', 'medium': 'https://cdn.wallapop.com/images/10420/i1/ym/__/c10420p1091686425/i5362902409.jpg?pictureSize=W640', 'big': 'https://cdn.wallapop.com/images/10420/i1/ym/__/c10420p1091686425/i5362902409.jpg?pictureSize=W800'}}]",{'flag': False},"{'latitude': 40.412431480315185, 'longitude': -3.6819548340338386, 'postal_code': '28014', 'city': 'Madrid', 'region': 'Comunidad de Madrid', 'region2': 'Madrid', 'country_code': 'ES'}","{'item_is_shippable': True, 'user_allows_shipping': True, 'cost_configuration_id': '814429d6-7844-471d-97af-196cd4020f26'}",{'flag': False},{'type': 'none'},balastro-de-xenon-130732915602-mercedes-1091686425,1737352276569,1737352286847,"[{'id': 12485, 'name': 'Other', 'icon': 'ghost'}]",{'flag': True},{'flag': False},
pj9mpreqeo6e,dqjwgrlowzon,Piano de cola Yamaha C3,"Piano de cola de gama profesional acabado en negro pulido. Fabricado en Jap√≥n en el a√±o 2003. 
Afinado anualmente y con las debidas revisiones t√©cnicas.
El precio incluye transporte (hasta 4¬∫ piso) con la empresa Hinves y dos afinaciones.
16.000‚Ç¨ (Negociables seg√∫n las condiciones de transporte. Preguntar)
Actualmente ubicado en domicilio particular en Almagro (Ciudad Real)",12485,"{'amount': 16000, 'currency': 'EUR'}","[{'average_color': '13C1AC', 'urls': {'small': 'https://cdn.wallapop.com/images/10420/hy/t6/__/c10420p1086393885/i5338605058.jpg?pictureSize=W320', 'medium': 'https://cdn.wallapop.com/images/10420/hy/t6/__/c10420p1086393885/i5338605058.jpg?pictureSize=W640', 'big': 'https://cdn.wallapop.com/images/10420/hy/t6/__/c10420p1086393885/i5338605058.jpg?pictureSize=W800'}}, {'average_color': '13C1AC', 'urls': {'small': 'https://cdn.wallapop.com/images/10420/hy/t6/__/c10420p1086393885/i5338605314.jpg?pictureSize=W320', 'medium': 'https://cdn.wallapop.com/images/10420/hy/t6/__/c10420p1086393885/i5338605314.jpg?pictureSize=W640', 'big': 'https://cdn.wallapop.com/images/10420/hy/t6/__/c10420p1086393885/i5338605314.jpg?pictureSize=W800'}}, {'average_color': '13C1AC', 'urls': {'small': 'https://cdn.wallapop.com/images/10420/hy/t6/__/c10420p1086393885/i5338605145.jpg?pictureSize=W320', 'medium': 'https://cdn.wallapop.com/images/10420/hy/t6/__/c10420p1086393885/i5338605145.jpg?pictureSize=W640', 'big': 'https://cdn.wallapop.com/images/10420/hy/t6/__/c10420p1086393885/i5338605145.jpg?pictureSize=W800'}}, {'average_color': '13C1AC', 'urls': {'small': 'https://cdn.wallapop.com/images/10420/hy/t6/__/c10420p1086393885/i5338605217.jpg?pictureSize=W320', 'medium': 'https://cdn.wallapop.com/images/10420/hy/t6/__/c10420p1086393885/i5338605217.jpg?pictureSize=W640', 'big': 'https://cdn.wallapop.com/images/10420/hy/t6/__/c10420p1086393885/i5338605217.jpg?pictureSize=W800'}}, {'average_color': '13C1AC', 'urls': {'small': 'https://cdn.wallapop.com/images/10420/hy/t6/__/c10420p1086393885/i5338605260.jpg?pictureSize=W320', 'medium': 'https://cdn.wallapop.com/images/10420/hy/t6/__/c10420p1086393885/i5338605260.jpg?pictureSize=W640', 'big': 'https://cdn.wallapop.com/images/10420/hy/t6/__/c10420p1086393885/i5338605260.jpg?pictureSize=W800'}}, {'average_color': '13C1AC', 'urls': {'small': 'https://cdn.wallapop.com/images/10420/hy/t6/__/c10420p1086393885/i5338605278.jpg?pictureSize=W320', 'medium': 'https://cdn.wallapop.com/images/10420/hy/t6/__/c10420p1086393885/i5338605278.jpg?pictureSize=W640', 'big': 'https://cdn.wallapop.com/images/10420/hy/t6/__/c10420p1086393885/i5338605278.jpg?pictureSize=W800'}}, {'average_color': '13C1AC', 'urls': {'small': 'https://cdn.wallapop.com/images/10420/hy/t6/__/c10420p1086393885/i5338605220.jpg?pictureSize=W320', 'medium': 'https://cdn.wallapop.com/images/10420/hy/t6/__/c10420p1086393885/i5338605220.jpg?pictureSize=W640', 'big': 'https://cdn.wallapop.com/images/10420/hy/t6/__/c10420p1086393885/i5338605220.jpg?pictureSize=W800'}}]",{'flag': False},"{'latitude': 40.416275763435465, 'longitude': -3.701100609166391, 'postal_code': '28070', 'city': 'Madrid', 'region': 'Comunidad de Madrid', 'region2': 'Madrid', 'country_code': 'ES'}","{'item_is_shippable': False, 'user_allows_shipping': False, 'cost_configuration_id': '814429d6-7844-471d-97af-196cd4020f26'}",{'flag': False},{'type': 'zone'},piano-de-cola-yamaha-c3-1086393885,1736267389301,1736598443968,"[{'id': 12485, 'name': 'Other', 'icon': 'ghost'}]",{'flag': True},{'flag': False},
pzp2e95gekj3,nz0mmp4rnvjo,BALASTRO DE XENON 8596745010,"Balastro de xenon, tambi√©n denominado centralita, unidad de control, transformador de xenon, o l√°mpara de descarga de gas, para Toyota:

Avalon (2011-2014)
Avensis (2003-2008)
Land Cruiser (2011-2014)
Prius (2012-2014)
RAV4
Sienna (2012-2014)
Venza (2013-2014)
Referencias compatibles: 8596745010",12485,"{'amount': 65, 'currency': 'EUR'}","[{'average_color': '13C1AC', 'urls': {'small': 'https://cdn.wallapop.com/images/10420/i1/ym/__/c10420p1091686302/i5362901495.jpg?pictureSize=W320', 'medium': 'https://cdn.wallapop.com/images/10420/i1/ym/__/c10420p1091686302/i5362901495.jpg?pictureSize=W640', 'big': 'https://cdn.wallapop.com/images/10420/i1/ym/__/c10420p1091686302/i5362901495.jpg?pictureSize=W800'}}]",{'flag': False},"{'latitude': 40.412431480315185, 'longitude': -3.6819548340338386, 'postal_code': '28014', 'city': 'Madrid', 'region': 'Comunidad de Madrid', 'region2': 'Madrid', 'country_code': 'ES'}","{'item_is_shippable': True, 'user_allows_shipping': True, 'cost_configuration_id': '814429d6-7844-471d-97af-196cd4020f26'}",{'flag': False},{'type': 'none'},balastro-de-xenon-8596745010-1091686302,1737352193550,1737352203792,"[{'id': 12485, 'name': 'Other', 'icon': 'ghost'}]",{'flag': True},{'flag': False},
nz04pm2wd7jo,nz0mmp4rnvjo,BALASTRO XENON 8R0907472 AUDI,"Balastro centralita de xenon, unidad de control de luz de conducci√≥n diurna valida para: AUDI Q5 (8R)(2008-2012) Referencias compatibles: 8R0907472, 8R0907472A, 8R0907472B, 8R0907472C, 10045-17078, 1004517078",12485,"{'amount': 65, 'currency': 'EUR'}","[{'average_color': '13C1AC', 'urls': {'small': 'https://cdn.wallapop.com/images/10420/i1/ym/__/c10420p1091686175/i5362900535.jpg?pictureSize=W320', 'medium': 'https://cdn.wallapop.com/images/10420/i1/ym/__/c10420p1091686175/i5362900535.jpg?pictureSize=W640', 'big': 'https://cdn.wallapop.com/images/10420/i1/ym/__/c10420p1091686175/i5362900535.jpg?pictureSize=W800'}}]",{'flag': False},"{'latitude': 40.412431480315185, 'longitude': -3.6819548340338386, 'postal_code': '28014', 'city': 'Madrid', 'region': 'Comunidad de Madrid', 'region2': 'Madrid', 'country_code': 'ES'}","{'item_is_shippable': True, 'user_allows_shipping': True, 'cost_configuration_id': '814429d6-7844-471d-97af-196cd4020f26'}",{'flag': False},{'type': 'none'},balastro-xenon-8r0907472-audi-1091686175,1737352105534,1737352115781,"[{'id': 12485, 'name': 'Other', 'icon': 'ghost'}]",{'flag': True},{'flag': False},
pzp2e95gk4j3,nz0mmp4rnvjo,"Led , A1769066500, usado","funciona perfectamente envios a toda espa√±a contrarembolso atendemos whattsap Fabricante de piezas OEM: ZKW
Marca de auto: MERCEDES-BENZ
N√∫mero de pieza fabricante de autom√≥viles: A1769066500
Modelo: A-CLASS W176 FACELIF Mercedes Clase A W176 (2015-2018) Led unidad de control centralita, A1769066500, IZQUIERDA balastro xenon bmw serie 1 ,balastro xenon audi ,balastro xenon seat,balastro xenon toyota,balastro xenon nissan,balastro xenon opel,balastro xenon bmw,balastro xenon Chevrolet,balastro xenon kia,balastro xenon mercedes,balastro xenon land rover,balastro xenon volkswaguen,balastro xenon volvo,balastro xenon peugeot,balastro xe",12485,"{'amount': 90, 'currency': 'EUR'}","[{'average_color': '13C1AC', 'urls': {'small': 'https://cdn.wallapop.com/images/10420/i1/ym/__/c10420p1091686050/i5362899584.jpg?pictureSize=W320', 'medium': 'https://cdn.wallapop.com/images/10420/i1/ym/__/c10420p1091686050/i5362899584.jpg?pictureSize=W640', 'big': 'https://cdn.wallapop.com/images/10420/i1/ym/__/c10420p1091686050/i5362899584.jpg?pictureSize=W800'}}]",{'flag': False},"{'latitude': 40.412431480315185, 'longitude': -3.6819548340338386, 'postal_code': '28014', 'city': 'Madrid', 'region': 'Comunidad de Madrid', 'region2': 'Madrid', 'country_code': 'ES'}","{'item_is_shippable': True, 'user_allows_shipping': True, 'cost_configuration_id': '814429d6-7844-471d-97af-196cd4020f26'}",{'flag': False},{'type': 'none'},led-a1769066500-usado-1091686050,1737352021608,1737352031962,"[{'id': 12485, 'name': 'Other', 'icon': 'ghost'}]",{'flag': True},{'flag': False},
mzn21984y7zn,xpzp29g4y4j3,Recepci√≥n blanca,Recepcion en color blanco,12485,"{'amount': 379, 'currency': 'EUR'}","[{'average_color': '13C1AC', 'urls': {'small': 'https://cdn.wallapop.com/images/10420/i1/bf/__/c10420p1090603525/i5358028781.jpg?pictureSize=W320', 'medium': 'https://cdn.wallapop.com/images/10420/i1/bf/__/c10420p1090603525/i5358028781.jpg?pictureSize=W640', 'big': 'https://cdn.wallapop.com/images/10420/i1/bf/__/c10420p1090603525/i5358028781.jpg?pictureSize=W800'}}, {'average_color': '13C1AC', 'urls': {'small': 'https://cdn.wallapop.com/images/10420/i1/bf/__/c10420p1090603525/i5358028895.jpg?pictureSize=W320', 'medium': 'https://cdn.wallapop.com/images/10420/i1/bf/__/c10420p1090603525/i5358028895.jpg?pictureSize=W640', 'big': 'https://cdn.wallapop.com/images/10420/i1/bf/__/c10420p1090603525/i5358028895.jpg?pictureSize=W800'}}]",{'flag': False},"{'latitude': 40.41920034140248, 'longitude': -3.6990695963271616, 'postal_code': '28070', 'city': 'Madrid', 'region': 'Comunidad de Madrid', 'region2': 'Madrid', 'country_code': 'ES'}","{'item_is_shippable': True, 'user_allows_shipping': True, 'cost_configuration_id': '814429d6-7844-471d-97af-196cd4020f26'}",{'flag': False},{'type': 'country'},recepcion-blanca-1090603525,1737105345057,1737367085955,"[{'id': 12485, 'name': 'Other', 'icon': 'ghost'}]",{'flag': True},{'flag': False},
qjw4wy17ewzo,nz0mmp4rnvjo,BALASTRO XENON 3T92101B80 usado,"funciona perfectamente envios a toda espa√±a contrarembolso atendemos whattsap  referencia 921902W300 3T92101B80 DHBD3LIN balastro xenon bmw serie 1 ,balastro xenon audi ,balastro xenon seat,balastro xenon toyota,balastro xenon nissan,balastro xenon opel,balastro xenon bmw,balastro xenon Chevrolet,balastro xenon kia,balastro xenon mercedes,balastro xenon land rover,balastro xenon volkswaguen,balastro xenon volvo,balastro xenon peugeot,balastro xenon mini,balastro xenon lexus,balastro xenon alfa romeo,balastro xenon fiat,balastro xenon skoda,balastro xenon mitsubishi,blastro xenon jaguar,balastro xenon ford,balastro xenon renault,bala",12485,"{'amount': 60, 'currency': 'EUR'}","[{'average_color': '13C1AC', 'urls': {'small': 'https://cdn.wallapop.com/images/10420/i1/ym/__/c10420p1091685929/i5362898642.jpg?pictureSize=W320', 'medium': 'https://cdn.wallapop.com/images/10420/i1/ym/__/c10420p1091685929/i5362898642.jpg?pictureSize=W640', 'big': 'https://cdn.wallapop.com/images/10420/i1/ym/__/c10420p1091685929/i5362898642.jpg?pictureSize=W800'}}]",{'flag': False},"{'latitude': 40.412431480315185, 'longitude': -3.6819548340338386, 'postal_code': '28014', 'city': 'Madrid', 'region': 'Comunidad de Madrid', 'region2': 'Madrid', 'country_code': 'ES'}","{'item_is_shippable': True, 'user_allows_shipping': True, 'cost_configuration_id': '814429d6-7844-471d-97af-196cd4020f26'}",{'flag': False},{'type': 'none'},balastro-xenon-3t92101b80-usado-1091685929,1737351941668,1737351952077,"[{'id': 12485, 'name': 'Other', 'icon': 'ghost'}]",{'flag': True},{'flag': False},
3zl82gd0q86x,nz0mmp4rnvjo,Centralita xenon 1307329074,"balastro xen√≥n (mod12)envios 24h puede pagar cuando le llegue aceptamos contrarembolso Para 2002-2005 BMW Serie 3 (E46) sed√°n &amp; vag√≥n Para 2002-2003 BMW Serie 3 (E46) Coupe &amp; Convertible Para 2002-2006 BMW M3 (E46) Para 2004-2007 BMW 6 series (E63 E64) referencias compatibles 1307329066 1 307 329 066 1307329072 1 307 329 072 1307329082 1 307 329 082 1307329088 1 307 329 088 63126907504, a2308202126, 2308202126, 63126918592, 63 12 6 918 592, 2308202126, 1307329098 1307329115 1307329121 1307329123 13073291241307329129 130732920313073 balastro xenon bmw serie 1 ,balastro xenon audi ,balastro xenon seat,balastro xenon toyota,bal",12485,"{'amount': 55, 'currency': 'EUR'}","[{'average_color': '13C1AC', 'urls': {'small': 'https://cdn.wallapop.com/images/10420/i1/ym/__/c10420p1091685821/i5362897810.jpg?pictureSize=W320', 'medium': 'https://cdn.wallapop.com/images/10420/i1/ym/__/c10420p1091685821/i5362897810.jpg?pictureSize=W640', 'big': 'https://cdn.wallapop.com/images/10420/i1/ym/__/c10420p1091685821/i5362897810.jpg?pictureSize=W800'}}]",{'flag': False},"{'latitude': 40.412431480315185, 'longitude': -3.6819548340338386, 'postal_code': '28014', 'city': 'Madrid', 'region': 'Comunidad de Madrid', 'region2': 'Madrid', 'country_code': 'ES'}","{'item_is_shippable': True, 'user_allows_shipping': True, 'cost_configuration_id': '814429d6-7844-471d-97af-196cd4020f26'}",{'flag': False},{'type': 'none'},centralita-xenon-1307329074-1091685821,1737351868270,1737351878780,"[{'id': 12485, 'name': 'Other', 'icon': 'ghost'}]",{'flag': True},{'flag': False},
nzx4x5mrnmj2,nz0mmp4rnvjo,Balastro xenon -  8k0941597e,"Centralita balastro xenon (mod02) nuevo con garantia referencia 8k0941597e w003t22071 8k0.941.597.e 8k0941597c - audi
- seat
- skoda
- volkswagen
blx022 8k0941597e w003t22071 8k0.941.597.e 
2010-2017 audi a1
2009-2015 audi a3 / s3
2010-2015 audi a4 / s4
2008-2015 audi a5 / s5 / rs5
2009-2015 audi a6 / s6 / rs6
2010-2014 audi a7 / s7 / rs7
2010-2014 audi a8 / s8 / a8l
2009-2015 audi q5
2010-2015 audi q7
2012-2015 audi q3
2012-2015 volkswagen cc
2012-2015 volkswagen eos
2012-2015 volkswagen jetta
2014-2017 volkswagen golf, gti
2012-2015 volkswagen tiguan
2011-2015 volkswagen touareg
2013-2015 volkswagen passat
2010-2013 volkswagen pol",12485,"{'amount': 69, 'currency': 'EUR'}","[{'average_color': '13C1AC', 'urls': {'small': 'https://cdn.wallapop.com/images/10420/i1/ym/__/c10420p1091685706/i5362896906.jpg?pictureSize=W320', 'medium': 'https://cdn.wallapop.com/images/10420/i1/ym/__/c10420p1091685706/i5362896906.jpg?pictureSize=W640', 'big': 'https://cdn.wallapop.com/images/10420/i1/ym/__/c10420p1091685706/i5362896906.jpg?pictureSize=W800'}}]",{'flag': False},"{'latitude': 40.412431480315185, 'longitude': -3.6819548340338386, 'postal_code': '28014', 'city': 'Madrid', 'region': 'Comunidad de Madrid', 'region2': 'Madrid', 'country_code': 'ES'}","{'item_is_shippable': True, 'user_allows_shipping': True, 'cost_configuration_id': '814429d6-7844-471d-97af-196cd4020f26'}",{'flag': False},{'type': 'none'},balastro-xenon-8k0941597e-1091685706,1737351786671,1737351797107,"[{'id': 12485, 'name': 'Other', 'icon': 'ghost'}]",{'flag': True},{'flag': False},
wzy4p2ml5xz5,xpzp29g4y4j3,Mesa de manicura,Mesa de manicura blanca,12485,"{'amount': 289, 'currency': 'EUR'}","[{'average_color': '13C1AC', 'urls': {'small': 'https://cdn.wallapop.com/images/10420/i0/vf/__/c10420p1089857192/i5354598391.jpg?pictureSize=W320', 'medium': 'https://cdn.wallapop.com/images/10420/i0/vf/__/c10420p1089857192/i5354598391.jpg?pictureSize=W640', 'big': 'https://cdn.wallapop.com/images/10420/i0/vf/__/c10420p1089857192/i5354598391.jpg?pictureSize=W800'}}]",{'flag': False},"{'latitude': 40.41920034140248, 'longitude': -3.6990695963271616, 'postal_code': '28070', 'city': 'Madrid', 'region': 'Comunidad de Madrid', 'region2': 'Madrid', 'country_code': 'ES'}","{'item_is_shippable': True, 'user_allows_shipping': True, 'cost_configuration_id': '814429d6-7844-471d-97af-196cd4020f26'}",{'flag': False},{'type': 'none'},mesa-de-manicura-1089857192,1736941287601,1737213601969,"[{'id': 12485, 'name': 'Other', 'icon': 'ghost'}]",{'flag': True},{'flag': False},"{'previous_price': {'amount': 499, 'currency': 'EUR'}, 'percentage': 42}"
pj9m2yrnq06e,nz0mmp4rnvjo,m√≥dulo bmw 7262731 f10 f11,"balastros nuevos y usados 1 a√±o de garantia envio contrarembolso a  toda espa√±a 24h
refrencias 
BMW: 63 12 7 262 731 - 7262731
Hella: 9DW 177 229 - 001 - 9DW177229001
modelos 
BMW 5er F07 GT 2008 - 2013
BMW 5er F07 GT LCI 2012 - 2017
BMW 5er F10 2009 - 2013
BMW 5er F11 2009 - 2013
BMW 5er F18 2009 - 2013
disponemos de todo en centralitas xenon modulo xenon modulo afs encendedor xenon  balastros 
modulos led diurna balastro xenon bmw serie 1 ,balastro xenon audi ,balastro xenon seat,balastro xenon toyota,balastro xenon nissan,balastro xenon opel,balastro xenon bmw,balastro xenon Chevrolet,balastro xenon kia,balastro xenon mercedes,ba",12485,"{'amount': 65, 'currency': 'EUR'}","[{'average_color': '13C1AC', 'urls': {'small': 'https://cdn.wallapop.com/images/10420/i1/ym/__/c10420p1091685613/i5362896056.jpg?pictureSize=W320', 'medium': 'https://cdn.wallapop.com/images/10420/i1/ym/__/c10420p1091685613/i5362896056.jpg?pictureSize=W640', 'big': 'https://cdn.wallapop.com/images/10420/i1/ym/__/c10420p1091685613/i5362896056.jpg?pictureSize=W800'}}]",{'flag': False},"{'latitude': 40.412431480315185, 'longitude': -3.6819548340338386, 'postal_code': '28014', 'city': 'Madrid', 'region': 'Comunidad de Madrid', 'region2': 'Madrid', 'country_code': 'ES'}","{'item_is_shippable': True, 'user_allows_shipping': False}",{'flag': False},{'type': 'none'},modulo-bmw-7262731-f10-f11-1091685613,1737351719254,1737351729667,"[{'id': 12485, 'name': 'Other', 'icon': 'ghost'}]",{'flag': True},{'flag': False},
x6qmgynvvnjy,nz0mmp4rnvjo,Balastro de xenon w003t23171,"Centralitas (mod06) nuevas y reparadas un a√±o de garantia envios hasta las 12h salen el mismo dia llegando al dia siguiente al: 1307329318, 1307329263, 1307329317, 1307329461 mitsubishi: w003t19571, w003t20071, w003t23171 bmw: 63117237647 - 63 11 7 237 647 - 7237647 bmw: 63117318327 - 63 11 7 318 327 - 7318327 bmw: 63117237644 - 63 11 7 237 644 - 7237644 bmw: 63127296090 - 63 12 7 296 090 - 7296090 bmw: 63117317408 - 63 11 7 317 408 - 7317408 bmw: 63117356250 - 63 11 7 356 250 - 7356250 bmw:63127255724 - 63 12 7 255 724 - 7255724 bmw: 63127172536 - 63 12 7 172 536 - 7172536 bmw: 63127250624 - 63 12 7 250 624 - 7250624 ?passend f√ºr:",12485,"{'amount': 55, 'currency': 'EUR'}","[{'average_color': '13C1AC', 'urls': {'small': 'https://cdn.wallapop.com/images/10420/i1/yl/__/c10420p1091685490/i5362895185.jpg?pictureSize=W320', 'medium': 'https://cdn.wallapop.com/images/10420/i1/yl/__/c10420p1091685490/i5362895185.jpg?pictureSize=W640', 'big': 'https://cdn.wallapop.com/images/10420/i1/yl/__/c10420p1091685490/i5362895185.jpg?pictureSize=W800'}}]",{'flag': False},"{'latitude': 40.412431480315185, 'longitude': -3.6819548340338386, 'postal_code': '28014', 'city': 'Madrid', 'region': 'Comunidad de Madrid', 'region2': 'Madrid', 'country_code': 'ES'}","{'item_is_shippable': True, 'user_allows_shipping': True, 'cost_configuration_id': '814429d6-7844-471d-97af-196cd4020f26'}",{'flag': False},{'type': 'none'},balastro-de-xenon-w003t23171-1091685490,1737351643588,1737351654025,"[{'id': 12485, 'name': 'Other', 'icon': 'ghost'}]",{'flag': True},{'flag': False},
x6qmgynv9qjy,nz0mmp4rnvjo,MERCEDES-BENZ GLA W156 modulo led,"Centralitas nuevas y usadas un a√±o de garantia envios a toda  espa√±a 24h
mercedes-benz gla w156 13-16 a2189009303 m√ìdulo de potencia led drl unidad de control lear bi-xenon faro principal lam-s3 a218 900 93 03 2189009303
referencias 
a1668203589 - a166 820 35 89 - 1668203589
a2189009303 - a218 900 93 03 - 2189009303
para 
mercedes-benz gla-class w156 2013-2016 balastro xenon bmw serie 1 ,balastro xenon audi ,balastro xenon seat,balastro xenon toyota,balastro xenon nissan,balastro xenon opel,balastro xenon bmw,balastro xenon Chevrolet,balastro xenon kia,balastro xenon mercedes,balastro xenon land rover,balastro xenon volkswaguen,bala",12485,"{'amount': 110, 'currency': 'EUR'}","[{'average_color': '13C1AC', 'urls': {'small': 'https://cdn.wallapop.com/images/10420/i1/yl/__/c10420p1091685390/i5362894466.jpg?pictureSize=W320', 'medium': 'https://cdn.wallapop.com/images/10420/i1/yl/__/c10420p1091685390/i5362894466.jpg?pictureSize=W640', 'big': 'https://cdn.wallapop.com/images/10420/i1/yl/__/c10420p1091685390/i5362894466.jpg?pictureSize=W800'}}]",{'flag': False},"{'latitude': 40.412431480315185, 'longitude': -3.6819548340338386, 'postal_code': '28014', 'city': 'Madrid', 'region': 'Comunidad de Madrid', 'region2': 'Madrid', 'country_code': 'ES'}","{'item_is_shippable': True, 'user_allows_shipping': True, 'cost_configuration_id': '814429d6-7844-471d-97af-196cd4020f26'}",{'flag': False},{'type': 'none'},mercedes-benz-gla-w156-modulo-led-1091685390,1737351578581,1737351588963,"[{'id': 12485, 'name': 'Other', 'icon': 'ghost'}]",{'flag': True},{'flag': False},
